-- --------------------------------------------------------
-- Host:                         127.0.0.1
-- Server version:               8.0.23-0ubuntu0.20.04.1 - (Ubuntu)
-- Server OS:                    Linux
-- HeidiSQL Version:             11.0.0.5919
-- --------------------------------------------------------

/*!40101 SET @OLD_CHARACTER_SET_CLIENT=@@CHARACTER_SET_CLIENT */;
/*!40101 SET NAMES utf8 */;
/*!50503 SET NAMES utf8mb4 */;
/*!40014 SET @OLD_FOREIGN_KEY_CHECKS=@@FOREIGN_KEY_CHECKS, FOREIGN_KEY_CHECKS=0 */;
/*!40101 SET @OLD_SQL_MODE=@@SQL_MODE, SQL_MODE='NO_AUTO_VALUE_ON_ZERO' */;

-- Dumping data for table ceyecle.failed_jobs: ~0 rows (approximately)
/*!40000 ALTER TABLE `failed_jobs` DISABLE KEYS */;
/*!40000 ALTER TABLE `failed_jobs` ENABLE KEYS */;

-- Dumping data for table ceyecle.messages: ~0 rows (approximately)
/*!40000 ALTER TABLE `messages` DISABLE KEYS */;
/*!40000 ALTER TABLE `messages` ENABLE KEYS */;

-- Dumping data for table ceyecle.migrations: ~0 rows (approximately)
/*!40000 ALTER TABLE `migrations` DISABLE KEYS */;
INSERT INTO `migrations` (`id`, `migration`, `batch`) VALUES
	(1, '2014_10_12_000000_create_users_table', 1),
	(2, '2014_10_12_100000_create_password_resets_table', 1),
	(3, '2019_08_19_000000_create_failed_jobs_table', 1),
	(4, '2021_04_04_153219_create_rooms_table', 1),
	(5, '2021_04_04_153253_create_messages_table', 1),
	(6, '2021_04_04_155108_create_users_rooms_table', 1),
	(7, '2021_04_16_062022_create_users_friendships_table', 1),
	(8, '2021_04_30_143710_create_teams_table', 1),
	(9, '2021_04_30_163321_create_riders_table', 1),
	(10, '2021_04_30_163340_create_races_table', 1),
	(11, '2021_04_30_163415_create_stages_table', 1),
	(12, '2021_05_07_114127_create_races_teams_table', 1),
	(13, '2021_05_07_122628_create_previous_winners_table', 1),
	(14, '2021_05_07_211345_create_questions_table', 1);
/*!40000 ALTER TABLE `migrations` ENABLE KEYS */;

-- Dumping data for table ceyecle.password_resets: ~0 rows (approximately)
/*!40000 ALTER TABLE `password_resets` DISABLE KEYS */;
/*!40000 ALTER TABLE `password_resets` ENABLE KEYS */;

-- Dumping data for table ceyecle.previous_winners: ~67 rows (approximately)
/*!40000 ALTER TABLE `previous_winners` DISABLE KEYS */;
INSERT INTO `previous_winners` (`id`, `rider_id`, `race_id`, `year`, `created_at`, `updated_at`) VALUES
	(1, 268, 1, '2020-01-01', NULL, NULL),
	(2, 111, 4, '2021-01-01', NULL, NULL),
	(3, 111, 4, '2020-01-01', NULL, NULL),
	(4, 240, 4, '2019-01-01', NULL, NULL),
	(5, 265, 4, '2016-01-01', NULL, NULL),
	(6, 257, 4, '2015-01-01', NULL, NULL),
	(7, 257, 4, '2013-01-01', NULL, NULL),
	(8, 252, 5, '2018-01-01', NULL, NULL),
	(9, 26, 5, '2016-01-01', NULL, NULL),
	(10, 268, 7, '2021-01-01', NULL, NULL),
	(11, 257, 7, '2015-01-01', NULL, NULL),
	(12, 46, 13, '2019-01-01', NULL, NULL),
	(13, 265, 17, '2021-01-01', NULL, NULL),
	(14, 257, 17, '2017-01-01', NULL, NULL),
	(15, 248, 18, '2020-01-01', NULL, NULL),
	(16, 241, 18, '2019-01-01', NULL, NULL),
	(17, 253, 19, '2020-01-01', NULL, NULL),
	(18, 40, 19, '2019-01-01', NULL, NULL),
	(19, 265, 19, '2018-01-01', NULL, NULL),
	(20, 40, 19, '2017-01-01', NULL, NULL),
	(21, 240, 20, '2019-01-01', NULL, NULL),
	(22, 257, 20, '2018-01-01', NULL, NULL),
	(23, 240, 21, '2019-01-01', NULL, NULL),
	(24, 265, 21, '2018-01-01', NULL, NULL),
	(25, 161, 23, '2020-01-01', NULL, NULL),
	(26, 262, 23, '2019-01-01', NULL, NULL),
	(27, 252, 23, '2018-01-01', NULL, NULL),
	(28, 85, 23, '2017-01-01', NULL, NULL),
	(29, 46, 23, '2015-01-01', NULL, NULL),
	(30, 110, 23, '2011-01-01', NULL, NULL),
	(31, 243, 27, '2019-01-01', NULL, NULL),
	(32, 79, 27, '2018-01-01', NULL, NULL),
	(33, 175, 27, '2013-01-01', NULL, NULL),
	(34, 254, 33, '2018-01-01', NULL, NULL);
/*!40000 ALTER TABLE `previous_winners` ENABLE KEYS */;

-- Dumping data for table ceyecle.questions: ~0 rows (approximately)
/*!40000 ALTER TABLE `questions` DISABLE KEYS */;
INSERT INTO `questions` (`id`, `question`, `answer`, `room_id`, `status`, `created_at`, `updated_at`) VALUES
	(1, 'Who won the last Critérium du Dauphiné?', 'Daniel Felipe MARTÍNEZ', 1, 'answered', '2021-05-08 12:49:31', '2021-05-08 12:49:55'),
	(2, 'Who won the last Critérium du Dauphiné?', 'Daniel Felipe MARTÍNEZ', 1, 'answered', '2021-05-08 12:50:06', '2021-05-08 12:51:10'),
	(3, 'Who won the last Critérium du Dauphiné?', 'Daniel Felipe MARTÍNEZ', 1, 'answered', '2021-05-08 12:50:06', '2021-05-08 12:51:12'),
	(4, 'Who won the last Critérium du Dauphiné?', 'Daniel Felipe MARTÍNEZ', 1, 'unanswered', '2021-05-08 12:50:06', '2021-05-08 12:50:06'),
	(5, 'Who won the last Critérium du Dauphiné?', 'Daniel Felipe MARTÍNEZ', 1, 'unanswered', '2021-05-08 12:50:07', '2021-05-08 12:50:07'),
	(6, 'Who won the last Critérium du Dauphiné?', 'Daniel Felipe MARTÍNEZ', 1, 'unanswered', '2021-05-08 12:50:08', '2021-05-08 12:50:08'),
	(7, 'Who won the last Critérium du Dauphiné?', 'Daniel Felipe MARTÍNEZ', 1, 'unanswered', '2021-05-08 12:50:10', '2021-05-08 12:50:10');
/*!40000 ALTER TABLE `questions` ENABLE KEYS */;

-- Dumping data for table ceyecle.races: ~35 rows (approximately)
/*!40000 ALTER TABLE `races` DISABLE KEYS */;
INSERT INTO `races` (`id`, `class`, `name`, `startdate`, `enddate`, `event_map_picture`, `pcs_url`, `created_at`, `updated_at`) VALUES
	(1, '2.UWT', 'UAE Tour', '2021-02-21', '2021-02-27', 'https://www.procyclingstats.com/images/profiles/ap/cd/uae-tour-2021-map-1e51fcfed9.png', 'race/uae-tour/2021', '2021-05-08 12:06:12', '2021-05-08 12:06:12'),
	(2, '1.UWT', 'Omloop Het Nieuwsblad ME', '2021-02-27', '2021-02-27', 'https://www.procyclingstats.com/images/profiles/ap/aa/omloop-het-nieuwsblad-2021-result-map-e3a2598779.jpg', 'race/omloop-het-nieuwsblad/2021', '2021-05-08 12:06:18', '2021-05-08 12:06:18'),
	(3, '1.UWT', 'Strade Bianche', '2021-03-06', '2021-03-06', 'https://www.procyclingstats.com/images/profiles/ap/bd/strade-bianche-2021-result-map-c5daed28b7.png', 'race/strade-bianche/2021', '2021-05-08 12:06:24', '2021-05-08 12:06:24'),
	(4, '2.UWT', 'Paris-Nice', '2021-03-07', '2021-03-14', 'https://www.procyclingstats.com/images/profiles/ap/cd/paris-nice-2021-map-6e467beb8c.png', 'race/paris-nice/2021', '2021-05-08 12:06:30', '2021-05-08 12:06:30'),
	(5, '2.UWT', 'Tirreno-Adriatico', '2021-03-10', '2021-03-16', 'https://www.procyclingstats.com/images/profiles/ap/af/tirreno-adriatico-2021-map-033e21c314.png', 'race/tirreno-adriatico/2021', '2021-05-08 12:06:35', '2021-05-08 12:06:35'),
	(6, '1.UWT', 'Milano-Sanremo', '2021-03-20', '2021-03-20', 'https://www.procyclingstats.com/images/profiles/ap/ae/milano-sanremo-2021-result-map-b7254aa822.png', 'race/milano-sanremo/2021', '2021-05-08 12:06:41', '2021-05-08 12:06:41'),
	(7, '2.UWT', 'Volta Ciclista a Catalunya', '2021-03-22', '2021-03-28', 'https://www.procyclingstats.com/images/profiles/ap/ed/volta-a-catalunya-2021-map-3cc143ef28.jpg', 'race/volta-a-catalunya/2021', '2021-05-08 12:06:46', '2021-05-08 12:06:46'),
	(8, '1.UWT', 'Oxyclean Classic Brugge-De Panne ME', '2021-03-24', '2021-03-24', 'https://www.procyclingstats.com/images/profiles/ap/bd/oxyclean-classic-brugge-de-panne-2021-result-map-650f30f6a3.png', 'race/oxyclean-classic-brugge-de-panne/2021', '2021-05-08 12:06:52', '2021-05-08 12:06:52'),
	(9, '1.UWT', 'E3 Saxo Bank Classic', '2021-03-26', '2021-03-26', 'https://www.procyclingstats.com/images/profiles/ap/db/e3-harelbeke-2021-result-map-12924ba2df.png', 'race/e3-harelbeke/2021', '2021-05-08 12:06:57', '2021-05-08 12:06:57'),
	(10, '1.UWT', 'Gent-Wevelgem in Flanders Fields ME', '2021-03-28', '2021-03-28', 'https://www.procyclingstats.com/images/profiles/ap/fd/gent-wevelgem-2021-result-map-d77f3fd782.png', 'race/gent-wevelgem/2021', '2021-05-08 12:07:03', '2021-05-08 12:07:03'),
	(11, '1.UWT', 'Dwars door Vlaanderen - A travers la Flandre ME', '2021-03-31', '2021-03-31', 'https://www.procyclingstats.com/images/profiles/ap/cd/dwars-door-vlaanderen-2021-result-map-d9102df6df.png', 'race/dwars-door-vlaanderen/2021', '2021-05-08 12:07:08', '2021-05-08 12:07:08'),
	(12, '1.UWT', 'Ronde van Vlaanderen - Tour des Flandres ME', '2021-04-04', '2021-04-04', 'https://www.procyclingstats.com/images/profiles/ap/ca/ronde-van-vlaanderen-2021-result-map-81962fa3e5.png', 'race/ronde-van-vlaanderen/2021', '2021-05-08 12:07:14', '2021-05-08 12:07:14'),
	(13, '2.UWT', 'Itzulia Basque Country', '2021-04-05', '2021-04-10', 'https://www.procyclingstats.com/images/profiles/ap/de/itzulia-basque-country-2021-map-b615aa9dd2.png', 'race/itzulia-basque-country/2021', '2021-05-08 12:07:19', '2021-05-08 12:07:19'),
	(14, '1.UWT', 'Amstel Gold Race', '2021-04-18', '2021-04-18', 'https://www.procyclingstats.com/images/profiles/ap/cc/amstel-gold-race-2021-result-map-367da652b0.png', 'race/amstel-gold-race/2021', '2021-05-08 12:07:25', '2021-05-08 12:07:25'),
	(15, '1.UWT', 'La Flèche Wallonne', '2021-04-21', '2021-04-21', 'https://www.procyclingstats.com/images/profiles/ap/af/la-fleche-wallone-2021-result-map-272515c67f.png', 'race/la-fleche-wallone/2021', '2021-05-08 12:07:30', '2021-05-08 12:07:30'),
	(16, '1.UWT', 'Liège-Bastogne-Liège', '2021-04-25', '2021-04-25', 'https://www.procyclingstats.com/images/profiles/ap/cb/liege-bastogne-liege-2021-result-map-fab0197143.png', 'race/liege-bastogne-liege/2021', '2021-05-08 12:07:36', '2021-05-08 12:07:36'),
	(17, '2.UWT', 'Tour de Romandie', '2021-04-27', '2021-05-02', 'https://www.procyclingstats.com/images/profiles/ap/ed/tour-de-romandie-2021-map-2224eb18b0.png', 'race/tour-de-romandie/2021', '2021-05-08 12:07:41', '2021-05-08 12:07:41'),
	(18, '2.UWT', 'Giro d\'Italia', '2021-05-08', '2021-05-30', 'https://www.procyclingstats.com/images/profiles/ap/ee/giro-d-italia-2021-map-c1d0e3455c.png', 'race/giro-d-italia/2021', '2021-05-08 12:07:47', '2021-05-08 12:07:47'),
	(19, '2.UWT', 'Critérium du Dauphiné', '2021-05-30', '2021-06-06', 'images/event_map_placeholder.png', 'race/dauphine/2021', '2021-05-08 12:07:52', '2021-05-08 12:07:52'),
	(20, '2.UWT', 'Tour de Suisse', '2021-06-06', '2021-06-13', 'images/event_map_placeholder.png', 'race/tour-de-suisse/2021', '2021-05-08 12:08:13', '2021-05-08 12:08:13'),
	(21, '2.UWT', 'Tour de France', '2021-06-26', '2021-07-18', 'images/event_map_placeholder.png', 'race/tour-de-france/2021', '2021-05-08 12:08:18', '2021-05-08 12:08:18'),
	(22, '1.UWT', 'Donostia San Sebastian Klasikoa', '2021-07-31', '2021-07-31', 'images/event_map_placeholder.png', 'race/san-sebastian/2021', '2021-05-08 12:08:24', '2021-05-08 12:08:24'),
	(23, '2.UWT', 'Tour de Pologne', '2021-08-09', '2021-08-15', 'images/event_map_placeholder.png', 'race/tour-de-pologne/2021', '2021-05-08 12:08:29', '2021-05-08 12:08:29'),
	(24, '2.UWT', 'La Vuelta ciclista a España', '2021-08-14', '2021-09-05', 'images/event_map_placeholder.png', 'race/vuelta-a-espana/2021', '2021-05-08 12:08:35', '2021-05-08 12:08:35'),
	(25, '1.UWT', 'EuroEyes Cyclassics Hamburg', '2021-08-22', '2021-08-22', 'images/event_map_placeholder.png', 'race/cyclassics-hamburg/2021', '2021-05-08 12:08:40', '2021-05-08 12:08:40'),
	(26, '1.UWT', 'Bretagne Classic - Ouest-France', '2021-08-29', '2021-08-29', 'images/event_map_placeholder.png', 'race/bretagne-classic/2021', '2021-05-08 12:08:45', '2021-05-08 12:08:45'),
	(27, '2.UWT', 'BinckBank Tour', '2021-08-30', '2021-09-05', 'https://www.procyclingstats.com/images/profiles/ap/df/binckbank-tour-2021-map-be60b5828b.png', 'race/binckbank-tour/2021', '2021-05-08 12:08:51', '2021-05-08 12:08:51'),
	(28, '1.UWT', 'Grand Prix Cycliste de Québec', '2021-09-10', '2021-09-10', 'images/event_map_placeholder.png', 'race/gp-quebec/2021', '2021-05-08 12:08:56', '2021-05-08 12:08:56'),
	(29, '1.UWT', 'Grand Prix Cycliste de Montréal', '2021-09-12', '2021-09-12', 'images/event_map_placeholder.png', 'race/gp-montreal/2021', '2021-05-08 12:09:01', '2021-05-08 12:09:01'),
	(30, '1.UWT', 'Eschborn-Frankfurt', '2021-09-19', '2021-09-19', 'images/event_map_placeholder.png', 'race/Eschborn-Frankfurt/2021', '2021-05-08 12:09:07', '2021-05-08 12:09:07'),
	(31, '1.UWT', 'Paris-Roubaix', '2021-10-03', '2021-10-03', 'images/event_map_placeholder.png', 'race/paris-roubaix/2021', '2021-05-08 12:09:12', '2021-05-08 12:09:12'),
	(32, '1.UWT', 'Il Lombardia', '2021-10-09', '2021-10-09', 'images/event_map_placeholder.png', 'race/il-lombardia/2021', '2021-05-08 12:09:17', '2021-05-08 12:09:17'),
	(33, '2.UWT', 'Gree-Tour of Guangxi', '2021-10-14', '2021-10-19', 'images/event_map_placeholder.png', 'race/tour-of-guangxi/2021', '2021-05-08 12:09:23', '2021-05-08 12:09:23');
/*!40000 ALTER TABLE `races` ENABLE KEYS */;

-- Dumping data for table ceyecle.races_teams: ~1.062 rows (approximately)
/*!40000 ALTER TABLE `races_teams` DISABLE KEYS */;
INSERT INTO `races_teams` (`id`, `race_id`, `team_id`, `created_at`, `updated_at`) VALUES
	(1, 1, 19, NULL, NULL),
	(2, 1, 9, NULL, NULL),
	(3, 1, 1, NULL, NULL),
	(4, 1, 20, NULL, NULL),
	(5, 1, 2, NULL, NULL),
	(6, 1, 3, NULL, NULL),
	(7, 1, 4, NULL, NULL),
	(8, 1, 5, NULL, NULL),
	(9, 1, 6, NULL, NULL),
	(10, 1, 7, NULL, NULL),
	(11, 1, 8, NULL, NULL),
	(12, 1, 10, NULL, NULL),
	(13, 1, 11, NULL, NULL),
	(14, 1, 16, NULL, NULL),
	(15, 1, 12, NULL, NULL),
	(16, 1, 13, NULL, NULL),
	(17, 1, 14, NULL, NULL),
	(18, 1, 15, NULL, NULL),
	(19, 1, 17, NULL, NULL),
	(20, 1, 18, NULL, NULL),
	(21, 2, 18, NULL, NULL),
	(22, 2, 6, NULL, NULL),
	(23, 2, 12, NULL, NULL),
	(24, 2, 10, NULL, NULL),
	(25, 2, 1, NULL, NULL),
	(26, 2, 2, NULL, NULL),
	(27, 2, 3, NULL, NULL),
	(28, 2, 4, NULL, NULL),
	(29, 2, 5, NULL, NULL),
	(30, 2, 7, NULL, NULL),
	(31, 2, 8, NULL, NULL),
	(32, 2, 9, NULL, NULL),
	(33, 2, 11, NULL, NULL),
	(34, 2, 16, NULL, NULL),
	(35, 2, 13, NULL, NULL),
	(36, 2, 14, NULL, NULL),
	(37, 2, 15, NULL, NULL),
	(38, 2, 17, NULL, NULL),
	(39, 2, 19, NULL, NULL),
	(40, 2, 20, NULL, NULL),
	(41, 2, 24, NULL, NULL),
	(42, 2, 33, NULL, NULL),
	(43, 2, 22, NULL, NULL),
	(44, 2, 34, NULL, NULL),
	(45, 2, 36, NULL, NULL),
	(46, 3, 16, NULL, NULL),
	(47, 3, 1, NULL, NULL),
	(48, 3, 20, NULL, NULL),
	(49, 3, 21, NULL, NULL),
	(50, 3, 2, NULL, NULL),
	(51, 3, 3, NULL, NULL),
	(52, 3, 23, NULL, NULL),
	(53, 3, 4, NULL, NULL),
	(54, 3, 5, NULL, NULL),
	(55, 3, 6, NULL, NULL),
	(56, 3, 7, NULL, NULL),
	(57, 3, 28, NULL, NULL),
	(58, 3, 8, NULL, NULL),
	(59, 3, 9, NULL, NULL),
	(60, 3, 10, NULL, NULL),
	(61, 3, 11, NULL, NULL),
	(62, 3, 12, NULL, NULL),
	(63, 3, 13, NULL, NULL),
	(64, 3, 34, NULL, NULL),
	(65, 3, 14, NULL, NULL),
	(66, 3, 15, NULL, NULL),
	(67, 3, 17, NULL, NULL),
	(68, 3, 18, NULL, NULL),
	(69, 3, 19, NULL, NULL),
	(70, 3, 38, NULL, NULL),
	(71, 4, 4, NULL, NULL),
	(72, 4, 15, NULL, NULL),
	(73, 4, 7, NULL, NULL),
	(74, 4, 16, NULL, NULL),
	(75, 4, 9, NULL, NULL),
	(76, 4, 17, NULL, NULL),
	(77, 4, 2, NULL, NULL),
	(78, 4, 18, NULL, NULL),
	(79, 4, 8, NULL, NULL),
	(80, 4, 12, NULL, NULL),
	(81, 4, 34, NULL, NULL),
	(82, 4, 6, NULL, NULL),
	(83, 4, 5, NULL, NULL),
	(84, 4, 14, NULL, NULL),
	(85, 4, 1, NULL, NULL),
	(86, 4, 19, NULL, NULL),
	(87, 4, 3, NULL, NULL),
	(88, 4, 36, NULL, NULL),
	(89, 4, 13, NULL, NULL),
	(90, 4, 11, NULL, NULL),
	(91, 4, 10, NULL, NULL),
	(92, 4, 22, NULL, NULL),
	(93, 4, 20, NULL, NULL),
	(94, 5, 14, NULL, NULL),
	(95, 5, 1, NULL, NULL),
	(96, 5, 20, NULL, NULL),
	(97, 5, 21, NULL, NULL),
	(98, 5, 2, NULL, NULL),
	(99, 5, 3, NULL, NULL),
	(100, 5, 4, NULL, NULL),
	(101, 5, 5, NULL, NULL),
	(102, 5, 6, NULL, NULL),
	(103, 5, 7, NULL, NULL),
	(104, 5, 28, NULL, NULL),
	(105, 5, 31, NULL, NULL),
	(106, 5, 8, NULL, NULL),
	(107, 5, 9, NULL, NULL),
	(108, 5, 10, NULL, NULL),
	(109, 5, 11, NULL, NULL),
	(110, 5, 16, NULL, NULL),
	(111, 5, 12, NULL, NULL),
	(112, 5, 13, NULL, NULL),
	(113, 5, 34, NULL, NULL),
	(114, 5, 15, NULL, NULL),
	(115, 5, 17, NULL, NULL),
	(116, 5, 36, NULL, NULL),
	(117, 5, 18, NULL, NULL),
	(118, 5, 19, NULL, NULL),
	(119, 6, 16, NULL, NULL),
	(120, 6, 1, NULL, NULL),
	(121, 6, 20, NULL, NULL),
	(122, 6, 21, NULL, NULL),
	(123, 6, 2, NULL, NULL),
	(124, 6, 3, NULL, NULL),
	(125, 6, 23, NULL, NULL),
	(126, 6, 14, NULL, NULL),
	(127, 6, 4, NULL, NULL),
	(128, 6, 5, NULL, NULL),
	(129, 6, 6, NULL, NULL),
	(130, 6, 7, NULL, NULL),
	(131, 6, 8, NULL, NULL),
	(132, 6, 9, NULL, NULL),
	(133, 6, 10, NULL, NULL),
	(134, 6, 11, NULL, NULL),
	(135, 6, 12, NULL, NULL),
	(136, 6, 13, NULL, NULL),
	(137, 6, 34, NULL, NULL),
	(138, 6, 15, NULL, NULL),
	(139, 6, 35, NULL, NULL),
	(140, 6, 17, NULL, NULL),
	(141, 6, 36, NULL, NULL),
	(142, 6, 18, NULL, NULL),
	(143, 6, 19, NULL, NULL),
	(144, 7, 13, NULL, NULL),
	(145, 7, 16, NULL, NULL),
	(146, 7, 6, NULL, NULL),
	(147, 7, 19, NULL, NULL),
	(148, 7, 9, NULL, NULL),
	(149, 7, 15, NULL, NULL),
	(150, 7, 4, NULL, NULL),
	(151, 7, 2, NULL, NULL),
	(152, 7, 18, NULL, NULL),
	(153, 7, 8, NULL, NULL),
	(154, 7, 7, NULL, NULL),
	(155, 7, 14, NULL, NULL),
	(156, 7, 3, NULL, NULL),
	(157, 7, 1, NULL, NULL),
	(158, 7, 12, NULL, NULL),
	(159, 7, 5, NULL, NULL),
	(160, 7, 10, NULL, NULL),
	(161, 7, 17, NULL, NULL),
	(162, 7, 11, NULL, NULL),
	(163, 7, 34, NULL, NULL),
	(164, 7, 31, NULL, NULL),
	(165, 7, 32, NULL, NULL),
	(166, 7, 29, NULL, NULL),
	(167, 7, 30, NULL, NULL),
	(168, 8, 6, NULL, NULL),
	(169, 8, 20, NULL, NULL),
	(170, 8, 18, NULL, NULL),
	(171, 8, 3, NULL, NULL),
	(172, 8, 19, NULL, NULL),
	(173, 8, 14, NULL, NULL),
	(174, 8, 1, NULL, NULL),
	(175, 8, 4, NULL, NULL),
	(176, 8, 11, NULL, NULL),
	(177, 8, 2, NULL, NULL),
	(178, 8, 16, NULL, NULL),
	(179, 8, 12, NULL, NULL),
	(180, 8, 10, NULL, NULL),
	(181, 8, 5, NULL, NULL),
	(182, 8, 15, NULL, NULL),
	(183, 8, 8, NULL, NULL),
	(184, 8, 13, NULL, NULL),
	(185, 8, 17, NULL, NULL),
	(186, 8, 34, NULL, NULL),
	(187, 8, 36, NULL, NULL),
	(188, 8, 33, NULL, NULL),
	(189, 8, 24, NULL, NULL),
	(190, 8, 22, NULL, NULL),
	(191, 8, 37, NULL, NULL),
	(192, 8, 38, NULL, NULL),
	(193, 9, 6, NULL, NULL),
	(194, 9, 12, NULL, NULL),
	(195, 9, 10, NULL, NULL),
	(196, 9, 1, NULL, NULL),
	(197, 9, 16, NULL, NULL),
	(198, 9, 4, NULL, NULL),
	(199, 9, 11, NULL, NULL),
	(200, 9, 15, NULL, NULL),
	(201, 9, 18, NULL, NULL),
	(202, 9, 9, NULL, NULL),
	(203, 9, 17, NULL, NULL),
	(204, 9, 3, NULL, NULL),
	(205, 9, 14, NULL, NULL),
	(206, 9, 2, NULL, NULL),
	(207, 9, 5, NULL, NULL),
	(208, 9, 7, NULL, NULL),
	(209, 9, 8, NULL, NULL),
	(210, 9, 13, NULL, NULL),
	(211, 9, 19, NULL, NULL),
	(212, 9, 20, NULL, NULL),
	(213, 9, 24, NULL, NULL),
	(214, 9, 33, NULL, NULL),
	(215, 9, 36, NULL, NULL),
	(216, 9, 37, NULL, NULL),
	(217, 9, 38, NULL, NULL),
	(218, 10, 18, NULL, NULL),
	(219, 10, 6, NULL, NULL),
	(220, 10, 12, NULL, NULL),
	(221, 10, 10, NULL, NULL),
	(222, 10, 1, NULL, NULL),
	(223, 10, 16, NULL, NULL),
	(224, 10, 4, NULL, NULL),
	(225, 10, 11, NULL, NULL),
	(226, 10, 3, NULL, NULL),
	(227, 10, 2, NULL, NULL),
	(228, 10, 5, NULL, NULL),
	(229, 10, 13, NULL, NULL),
	(230, 10, 15, NULL, NULL),
	(231, 10, 17, NULL, NULL),
	(232, 10, 14, NULL, NULL),
	(233, 10, 19, NULL, NULL),
	(234, 10, 7, NULL, NULL),
	(235, 10, 8, NULL, NULL),
	(236, 10, 9, NULL, NULL),
	(237, 10, 33, NULL, NULL),
	(238, 10, 20, NULL, NULL),
	(239, 10, 24, NULL, NULL),
	(240, 10, 22, NULL, NULL),
	(241, 10, 34, NULL, NULL),
	(242, 10, 36, NULL, NULL),
	(243, 11, 20, NULL, NULL),
	(244, 11, 6, NULL, NULL),
	(245, 11, 19, NULL, NULL),
	(246, 11, 18, NULL, NULL),
	(247, 11, 17, NULL, NULL),
	(248, 11, 15, NULL, NULL),
	(249, 11, 14, NULL, NULL),
	(250, 11, 13, NULL, NULL),
	(251, 11, 12, NULL, NULL),
	(252, 11, 16, NULL, NULL),
	(253, 11, 11, NULL, NULL),
	(254, 11, 9, NULL, NULL),
	(255, 11, 10, NULL, NULL),
	(256, 11, 8, NULL, NULL),
	(257, 11, 7, NULL, NULL),
	(258, 11, 5, NULL, NULL),
	(259, 11, 4, NULL, NULL),
	(260, 11, 3, NULL, NULL),
	(261, 11, 2, NULL, NULL),
	(262, 11, 1, NULL, NULL),
	(263, 11, 34, NULL, NULL),
	(264, 11, 36, NULL, NULL),
	(265, 11, 22, NULL, NULL),
	(266, 11, 24, NULL, NULL),
	(267, 11, 33, NULL, NULL),
	(268, 12, 20, NULL, NULL),
	(269, 12, 6, NULL, NULL),
	(270, 12, 1, NULL, NULL),
	(271, 12, 16, NULL, NULL),
	(272, 12, 12, NULL, NULL),
	(273, 12, 18, NULL, NULL),
	(274, 12, 4, NULL, NULL),
	(275, 12, 7, NULL, NULL),
	(276, 12, 11, NULL, NULL),
	(277, 12, 15, NULL, NULL),
	(278, 12, 14, NULL, NULL),
	(279, 12, 19, NULL, NULL),
	(280, 12, 17, NULL, NULL),
	(281, 12, 2, NULL, NULL),
	(282, 12, 5, NULL, NULL),
	(283, 12, 3, NULL, NULL),
	(284, 12, 8, NULL, NULL),
	(285, 12, 9, NULL, NULL),
	(286, 12, 10, NULL, NULL),
	(287, 12, 13, NULL, NULL),
	(288, 12, 22, NULL, NULL),
	(289, 12, 24, NULL, NULL),
	(290, 12, 33, NULL, NULL),
	(291, 12, 34, NULL, NULL),
	(292, 12, 36, NULL, NULL),
	(293, 13, 2, NULL, NULL),
	(294, 13, 4, NULL, NULL),
	(295, 13, 14, NULL, NULL),
	(296, 13, 19, NULL, NULL),
	(297, 13, 8, NULL, NULL),
	(298, 13, 13, NULL, NULL),
	(299, 13, 7, NULL, NULL),
	(300, 13, 18, NULL, NULL),
	(301, 13, 6, NULL, NULL),
	(302, 13, 5, NULL, NULL),
	(303, 13, 12, NULL, NULL),
	(304, 13, 9, NULL, NULL),
	(305, 13, 10, NULL, NULL),
	(306, 13, 15, NULL, NULL),
	(307, 13, 16, NULL, NULL),
	(308, 13, 1, NULL, NULL),
	(309, 13, 11, NULL, NULL),
	(310, 13, 3, NULL, NULL),
	(311, 13, 17, NULL, NULL),
	(312, 13, 26, NULL, NULL),
	(313, 13, 25, NULL, NULL),
	(314, 13, 36, NULL, NULL),
	(315, 13, 29, NULL, NULL),
	(316, 13, 30, NULL, NULL),
	(317, 14, 6, NULL, NULL),
	(318, 14, 16, NULL, NULL),
	(319, 14, 9, NULL, NULL),
	(320, 14, 18, NULL, NULL),
	(321, 14, 1, NULL, NULL),
	(322, 14, 4, NULL, NULL),
	(323, 14, 17, NULL, NULL),
	(324, 14, 11, NULL, NULL),
	(325, 14, 8, NULL, NULL),
	(326, 14, 12, NULL, NULL),
	(327, 14, 3, NULL, NULL),
	(328, 14, 14, NULL, NULL),
	(329, 14, 7, NULL, NULL),
	(330, 14, 10, NULL, NULL),
	(331, 14, 2, NULL, NULL),
	(332, 14, 5, NULL, NULL),
	(333, 14, 13, NULL, NULL),
	(334, 14, 15, NULL, NULL),
	(335, 14, 19, NULL, NULL),
	(336, 14, 20, NULL, NULL),
	(337, 14, 34, NULL, NULL),
	(338, 14, 33, NULL, NULL),
	(339, 14, 24, NULL, NULL),
	(340, 14, 31, NULL, NULL),
	(341, 14, 37, NULL, NULL),
	(342, 15, 19, NULL, NULL),
	(343, 15, 1, NULL, NULL),
	(344, 15, 11, NULL, NULL),
	(345, 15, 34, NULL, NULL),
	(346, 15, 7, NULL, NULL),
	(347, 15, 6, NULL, NULL),
	(348, 15, 9, NULL, NULL),
	(349, 15, 4, NULL, NULL),
	(350, 15, 18, NULL, NULL),
	(351, 15, 5, NULL, NULL),
	(352, 15, 8, NULL, NULL),
	(353, 15, 24, NULL, NULL),
	(354, 15, 3, NULL, NULL),
	(355, 15, 14, NULL, NULL),
	(356, 15, 2, NULL, NULL),
	(357, 15, 12, NULL, NULL),
	(358, 15, 20, NULL, NULL),
	(359, 15, 17, NULL, NULL),
	(360, 15, 16, NULL, NULL),
	(361, 15, 13, NULL, NULL),
	(362, 15, 10, NULL, NULL),
	(363, 15, 15, NULL, NULL),
	(364, 15, 31, NULL, NULL),
	(365, 15, 33, NULL, NULL),
	(366, 15, 27, NULL, NULL),
	(367, 16, 16, NULL, NULL),
	(368, 16, 19, NULL, NULL),
	(369, 16, 3, NULL, NULL),
	(370, 16, 6, NULL, NULL),
	(371, 16, 13, NULL, NULL),
	(372, 16, 7, NULL, NULL),
	(373, 16, 15, NULL, NULL),
	(374, 16, 34, NULL, NULL),
	(375, 16, 9, NULL, NULL),
	(376, 16, 11, NULL, NULL),
	(377, 16, 8, NULL, NULL),
	(378, 16, 5, NULL, NULL),
	(379, 16, 18, NULL, NULL),
	(380, 16, 2, NULL, NULL),
	(381, 16, 1, NULL, NULL),
	(382, 16, 4, NULL, NULL),
	(383, 16, 14, NULL, NULL),
	(384, 16, 24, NULL, NULL),
	(385, 16, 10, NULL, NULL),
	(386, 16, 36, NULL, NULL),
	(387, 16, 20, NULL, NULL),
	(388, 16, 31, NULL, NULL),
	(389, 16, 12, NULL, NULL),
	(390, 16, 17, NULL, NULL),
	(391, 16, 33, NULL, NULL),
	(392, 17, 9, NULL, NULL),
	(393, 17, 6, NULL, NULL),
	(394, 17, 16, NULL, NULL),
	(395, 17, 19, NULL, NULL),
	(396, 17, 4, NULL, NULL),
	(397, 17, 18, NULL, NULL),
	(398, 17, 3, NULL, NULL),
	(399, 17, 1, NULL, NULL),
	(400, 17, 2, NULL, NULL),
	(401, 17, 14, NULL, NULL),
	(402, 17, 8, NULL, NULL),
	(403, 17, 17, NULL, NULL),
	(404, 17, 11, NULL, NULL),
	(405, 17, 13, NULL, NULL),
	(406, 17, 12, NULL, NULL),
	(407, 17, 5, NULL, NULL),
	(408, 17, 15, NULL, NULL),
	(409, 17, 7, NULL, NULL),
	(410, 17, 10, NULL, NULL),
	(411, 18, 9, NULL, NULL),
	(412, 18, 1, NULL, NULL),
	(413, 18, 20, NULL, NULL),
	(414, 18, 21, NULL, NULL),
	(415, 18, 2, NULL, NULL),
	(416, 18, 3, NULL, NULL),
	(417, 18, 23, NULL, NULL),
	(418, 18, 4, NULL, NULL),
	(419, 18, 5, NULL, NULL),
	(420, 18, 6, NULL, NULL),
	(421, 18, 7, NULL, NULL),
	(422, 18, 28, NULL, NULL),
	(423, 18, 8, NULL, NULL),
	(424, 18, 10, NULL, NULL),
	(425, 18, 11, NULL, NULL),
	(426, 18, 16, NULL, NULL),
	(427, 18, 12, NULL, NULL),
	(428, 18, 13, NULL, NULL),
	(429, 18, 14, NULL, NULL),
	(430, 18, 15, NULL, NULL),
	(431, 18, 17, NULL, NULL),
	(432, 18, 18, NULL, NULL),
	(433, 18, 19, NULL, NULL),
	(434, 19, 9, NULL, NULL),
	(435, 19, 6, NULL, NULL),
	(436, 19, 5, NULL, NULL),
	(437, 19, 8, NULL, NULL),
	(438, 19, 7, NULL, NULL),
	(439, 19, 13, NULL, NULL),
	(440, 19, 16, NULL, NULL),
	(441, 19, 14, NULL, NULL),
	(442, 19, 10, NULL, NULL),
	(443, 19, 2, NULL, NULL),
	(444, 19, 15, NULL, NULL),
	(445, 19, 4, NULL, NULL),
	(446, 19, 17, NULL, NULL),
	(447, 19, 18, NULL, NULL),
	(448, 19, 19, NULL, NULL),
	(449, 19, 3, NULL, NULL),
	(450, 19, 11, NULL, NULL),
	(451, 19, 12, NULL, NULL),
	(452, 19, 22, NULL, NULL),
	(453, 19, 34, NULL, NULL),
	(454, 19, 1, NULL, NULL),
	(455, 20, 1, NULL, NULL),
	(456, 20, 5, NULL, NULL),
	(457, 20, 4, NULL, NULL),
	(458, 20, 3, NULL, NULL),
	(459, 20, 7, NULL, NULL),
	(460, 20, 6, NULL, NULL),
	(461, 20, 19, NULL, NULL),
	(462, 20, 2, NULL, NULL),
	(463, 20, 8, NULL, NULL),
	(464, 20, 16, NULL, NULL),
	(465, 20, 9, NULL, NULL),
	(466, 20, 10, NULL, NULL),
	(467, 20, 12, NULL, NULL),
	(468, 20, 13, NULL, NULL),
	(469, 20, 11, NULL, NULL),
	(470, 20, 14, NULL, NULL),
	(471, 20, 20, NULL, NULL),
	(472, 20, 32, NULL, NULL),
	(473, 20, 15, NULL, NULL),
	(474, 20, 17, NULL, NULL),
	(475, 20, 36, NULL, NULL),
	(476, 20, 18, NULL, NULL),
	(477, 21, 2, NULL, NULL),
	(478, 21, 5, NULL, NULL),
	(479, 21, 18, NULL, NULL),
	(480, 21, 17, NULL, NULL),
	(481, 21, 14, NULL, NULL),
	(482, 21, 3, NULL, NULL),
	(483, 21, 19, NULL, NULL),
	(484, 21, 1, NULL, NULL),
	(485, 21, 16, NULL, NULL),
	(486, 21, 13, NULL, NULL),
	(487, 21, 4, NULL, NULL),
	(488, 21, 9, NULL, NULL),
	(489, 21, 12, NULL, NULL),
	(490, 21, 6, NULL, NULL),
	(491, 21, 7, NULL, NULL),
	(492, 21, 8, NULL, NULL),
	(493, 21, 11, NULL, NULL),
	(494, 21, 10, NULL, NULL),
	(495, 21, 15, NULL, NULL),
	(496, 21, 20, NULL, NULL),
	(497, 21, 36, NULL, NULL),
	(498, 21, 34, NULL, NULL),
	(499, 21, 22, NULL, NULL),
	(500, 22, 4, NULL, NULL),
	(501, 22, 19, NULL, NULL),
	(502, 22, 29, NULL, NULL),
	(503, 22, 2, NULL, NULL),
	(504, 22, 25, NULL, NULL),
	(505, 22, 16, NULL, NULL),
	(506, 22, 12, NULL, NULL),
	(507, 23, 15, NULL, NULL),
	(508, 23, 16, NULL, NULL),
	(509, 23, 3, NULL, NULL),
	(510, 23, 1, NULL, NULL),
	(511, 23, 2, NULL, NULL),
	(512, 23, 5, NULL, NULL),
	(513, 23, 4, NULL, NULL),
	(514, 23, 6, NULL, NULL),
	(515, 23, 12, NULL, NULL),
	(516, 23, 7, NULL, NULL),
	(517, 23, 8, NULL, NULL),
	(518, 23, 9, NULL, NULL),
	(519, 23, 10, NULL, NULL),
	(520, 23, 11, NULL, NULL),
	(521, 23, 13, NULL, NULL),
	(522, 23, 14, NULL, NULL),
	(523, 23, 17, NULL, NULL),
	(524, 23, 18, NULL, NULL),
	(525, 23, 19, NULL, NULL),
	(526, 23, 20, NULL, NULL),
	(527, 23, 31, NULL, NULL),
	(528, 24, 11, NULL, NULL),
	(529, 24, 1, NULL, NULL),
	(530, 24, 19, NULL, NULL),
	(531, 24, 14, NULL, NULL),
	(532, 24, 10, NULL, NULL),
	(533, 24, 2, NULL, NULL),
	(534, 24, 16, NULL, NULL),
	(535, 24, 4, NULL, NULL),
	(536, 24, 3, NULL, NULL),
	(537, 24, 7, NULL, NULL),
	(538, 24, 18, NULL, NULL),
	(539, 24, 6, NULL, NULL),
	(540, 24, 9, NULL, NULL),
	(541, 24, 13, NULL, NULL),
	(542, 24, 12, NULL, NULL),
	(543, 24, 25, NULL, NULL),
	(544, 24, 26, NULL, NULL),
	(545, 24, 15, NULL, NULL),
	(546, 24, 30, NULL, NULL),
	(547, 24, 20, NULL, NULL),
	(548, 24, 8, NULL, NULL),
	(549, 24, 5, NULL, NULL),
	(550, 24, 17, NULL, NULL),
	(551, 25, 2, NULL, NULL),
	(552, 25, 19, NULL, NULL),
	(553, 25, 16, NULL, NULL),
	(554, 25, 4, NULL, NULL),
	(555, 25, 12, NULL, NULL),
	(556, 26, 17, NULL, NULL),
	(557, 26, 2, NULL, NULL),
	(558, 26, 19, NULL, NULL),
	(559, 26, 16, NULL, NULL),
	(560, 26, 4, NULL, NULL),
	(561, 26, 12, NULL, NULL),
	(562, 27, 1, NULL, NULL),
	(563, 27, 18, NULL, NULL),
	(564, 27, 17, NULL, NULL),
	(565, 27, 16, NULL, NULL),
	(566, 27, 4, NULL, NULL),
	(567, 27, 20, NULL, NULL),
	(568, 27, 19, NULL, NULL),
	(569, 27, 2, NULL, NULL),
	(570, 27, 12, NULL, NULL),
	(571, 28, 18, NULL, NULL),
	(572, 28, 3, NULL, NULL),
	(573, 28, 2, NULL, NULL),
	(574, 28, 1, NULL, NULL),
	(575, 28, 19, NULL, NULL),
	(576, 28, 16, NULL, NULL),
	(577, 28, 4, NULL, NULL),
	(578, 28, 12, NULL, NULL),
	(579, 29, 3, NULL, NULL),
	(580, 29, 2, NULL, NULL),
	(581, 29, 1, NULL, NULL),
	(582, 29, 19, NULL, NULL),
	(583, 29, 16, NULL, NULL),
	(584, 29, 4, NULL, NULL),
	(585, 29, 18, NULL, NULL),
	(586, 29, 12, NULL, NULL),
	(587, 30, 16, NULL, NULL),
	(588, 30, 1, NULL, NULL),
	(589, 30, 12, NULL, NULL),
	(590, 30, 5, NULL, NULL),
	(591, 30, 4, NULL, NULL),
	(592, 30, 19, NULL, NULL),
	(593, 30, 2, NULL, NULL),
	(594, 31, 19, NULL, NULL),
	(595, 31, 18, NULL, NULL),
	(596, 31, 7, NULL, NULL),
	(597, 31, 11, NULL, NULL),
	(598, 31, 14, NULL, NULL),
	(599, 31, 17, NULL, NULL),
	(600, 31, 8, NULL, NULL),
	(601, 31, 3, NULL, NULL),
	(602, 31, 13, NULL, NULL),
	(603, 31, 10, NULL, NULL),
	(604, 31, 4, NULL, NULL),
	(605, 31, 5, NULL, NULL),
	(606, 31, 12, NULL, NULL),
	(607, 31, 2, NULL, NULL),
	(608, 31, 1, NULL, NULL),
	(609, 31, 9, NULL, NULL),
	(610, 31, 15, NULL, NULL),
	(611, 31, 6, NULL, NULL),
	(612, 31, 16, NULL, NULL),
	(613, 31, 20, NULL, NULL),
	(614, 31, 34, NULL, NULL),
	(615, 31, 36, NULL, NULL),
	(616, 31, 22, NULL, NULL),
	(617, 31, 24, NULL, NULL),
	(618, 31, 27, NULL, NULL),
	(619, 32, 2, NULL, NULL),
	(620, 32, 4, NULL, NULL),
	(621, 32, 16, NULL, NULL),
	(622, 32, 19, NULL, NULL),
	(623, 32, 38, NULL, NULL),
	(624, 32, 12, NULL, NULL),
	(625, 33, 2, NULL, NULL),
	(626, 33, 19, NULL, NULL),
	(627, 33, 16, NULL, NULL),
	(628, 33, 4, NULL, NULL),
	(629, 33, 12, NULL, NULL);
/*!40000 ALTER TABLE `races_teams` ENABLE KEYS */;

-- Dumping data for table ceyecle.riders: ~413 rows (approximately)
/*!40000 ALTER TABLE `riders` DISABLE KEYS */;
INSERT INTO `riders` (`id`, `picture`, `firstname`, `lastname`, `dob`, `age`, `nationality`, `height`, `weight`, `team_id`, `uci_wr`, `pcs_url`, `created_at`, `updated_at`) VALUES
	(1, 'https://www.procyclingstats.com/images/riders/bp/af/francois-bidard-2021.jpeg', 'François', 'BIDARD', '1992-03-19', 29, 'France', 1.80, 65, 1, 910, 'rider/francois-bidard', '2021-05-08 06:06:34', '2021-05-08 06:06:34'),
	(2, 'https://www.procyclingstats.com/images/riders/bp/ba/geoffrey-bouchard-2021.jpeg', 'Geoffrey', 'BOUCHARD', '1992-04-01', 29, 'France', 1.77, 64, 1, 412, 'rider/geoffrey-bouchard', '2021-05-08 06:06:39', '2021-05-08 06:06:39'),
	(3, 'https://www.procyclingstats.com/images/riders/bp/db/lilian-calmejane-2021.jpeg', 'Lilian', 'CALMEJANE', '1992-12-06', 28, 'France', 1.84, 69, 1, 864, 'rider/lilian-calmejane', '2021-05-08 06:06:45', '2021-05-08 06:06:45'),
	(4, 'https://www.procyclingstats.com/images/riders/bp/fe/clement-champoussin-2021.jpeg', 'Clément', 'CHAMPOUSSIN', '1998-05-29', 22, 'France', 1.80, 61, 1, 112, 'rider/clement-champoussin', '2021-05-08 06:06:51', '2021-05-08 06:06:51'),
	(5, 'https://www.procyclingstats.com/images/riders/bp/dd/mikael-cherel-2021.jpeg', 'Mikaël', 'CHEREL', '1986-03-17', 35, 'France', 1.83, 65, 1, 730, 'rider/mikael-cherel', '2021-05-08 06:06:57', '2021-05-08 06:06:57'),
	(6, 'https://www.procyclingstats.com/images/riders/bp/de/benoit-cosnefroy-2021.jpeg', 'Benoît', 'COSNEFROY', '1995-10-17', 25, 'France', 1.79, 64, 1, 149, 'rider/benoit-cosnefroy', '2021-05-08 06:07:02', '2021-05-08 06:07:02'),
	(7, 'https://www.procyclingstats.com/images/riders/bp/ec/stan-dewulf-2021.jpeg', 'Stan', 'DEWULF', '1997-12-20', 23, 'Belgium', 1.76, 74, 1, 271, 'rider/stan-dewulf', '2021-05-08 06:07:08', '2021-05-08 06:07:08'),
	(8, 'https://www.procyclingstats.com/images/riders/bp/fc/julien-duval-2021.jpeg', 'Julien', 'DUVAL', '1990-05-27', 30, 'France', 1.79, 68, 1, 998, 'rider/julien-duval', '2021-05-08 06:07:13', '2021-05-08 06:07:13'),
	(9, 'https://www.procyclingstats.com/images/riders/bp/dc/mathias-frank-2021.jpeg', 'Mathias', 'FRANK', '1986-12-09', 34, 'Switzerland', 1.76, 64, 1, 1233, 'rider/mathias-frank', '2021-05-08 06:07:19', '2021-05-08 06:07:19'),
	(10, 'https://www.procyclingstats.com/images/riders/bp/ff/tony-gallopin-2021.jpeg', 'Tony', 'GALLOPIN', '1988-05-24', 32, 'France', 1.80, 69, 1, 1088, 'rider/tony-gallopin', '2021-05-08 06:07:25', '2021-05-08 06:07:25'),
	(11, 'https://www.procyclingstats.com/images/riders/bp/db/ben-gastauer-2021.jpeg', 'Ben', 'GASTAUER', '1987-11-14', 33, 'Luxembourg', 1.90, 73, 1, 1212, 'rider/ben-gastauer', '2021-05-08 06:07:30', '2021-05-08 06:07:30'),
	(12, 'https://www.procyclingstats.com/images/riders/bp/ad/dorian-godon-2021.jpeg', 'Dorian', 'GODON', '1996-05-25', 24, 'France', 1.90, 73, 1, 107, 'rider/dorian-godon', '2021-05-08 06:07:35', '2021-05-08 06:07:35'),
	(13, 'https://www.procyclingstats.com/images/riders/bp/dc/alexis-gougeard-2021.jpeg', 'Alexis', 'GOUGEARD', '1993-03-05', 28, 'France', 1.76, 70, 1, 612, 'rider/alexis-gougeard', '2021-05-08 06:07:41', '2021-05-08 06:07:41'),
	(14, 'https://www.procyclingstats.com/images/riders/bp/be/jaakko-hanninen-2021.jpeg', 'Jaakko', 'HÄNNINEN', '1997-04-16', 24, 'Finland', 1.77, 59, 1, 818, 'rider/jaakko-hanninen', '2021-05-08 06:07:46', '2021-05-08 06:07:46'),
	(15, 'https://www.procyclingstats.com/images/riders/bp/cc/anthony-jullien-2021.jpeg', 'Anthony', 'JULLIEN', '1998-03-05', 23, 'France', 1.78, 72, 1, 1222, 'rider/anthony-jullien', '2021-05-08 06:07:51', '2021-05-08 06:07:51'),
	(16, 'https://www.procyclingstats.com/images/riders/bp/bb/bob-jungels-2021.jpeg', 'Bob', 'JUNGELS', '1992-09-22', 28, 'Luxembourg', 1.89, 70, 1, 243, 'rider/bob-jungels', '2021-05-08 06:07:57', '2021-05-08 06:07:57'),
	(17, 'https://www.procyclingstats.com/images/riders/bp/dc/lawrence-naesen-2021.jpeg', 'Lawrence', 'NAESEN', '1992-08-28', 28, 'Belgium', 1.90, 72, 1, 292, 'rider/lawrence-naesen', '2021-05-08 06:08:05', '2021-05-08 06:08:05'),
	(18, 'https://www.procyclingstats.com/images/riders/bp/fb/oliver-naesen-2021.jpeg', 'Oliver', 'NAESEN', '1990-09-16', 30, 'Belgium', 1.84, 72, 1, 104, 'rider/oliver-naesen', '2021-05-08 06:08:10', '2021-05-08 06:08:10'),
	(19, 'https://www.procyclingstats.com/images/riders/bp/ee/ben-o-connor-2021.jpeg', 'Ben', 'O\'CONNOR', '1995-11-25', 25, 'Australia', 1.88, 67, 1, 83, 'rider/ben-o-connor', '2021-05-08 06:08:15', '2021-05-08 06:08:15'),
	(20, 'https://www.procyclingstats.com/images/riders/bp/ff/aurelien-paret-peintre-2021.jpeg', 'Aurélien', 'PARET-PEINTRE', '1996-02-27', 25, 'France', 1.84, 64, 1, 78, 'rider/aurelien-paret-peintre', '2021-05-08 06:08:21', '2021-05-08 06:08:21'),
	(21, 'https://www.procyclingstats.com/images/riders/bp/aa/nans-peters-2021.jpeg', 'Nans', 'PETERS', '1994-03-12', 27, 'France', 1.77, 70, 1, 257, 'rider/nans-peters', '2021-05-08 06:08:26', '2021-05-08 06:08:26'),
	(22, 'https://www.procyclingstats.com/images/riders/bp/eb/nicolas-prodhomme-2021.jpeg', 'Nicolas', 'PRODHOMME', '1997-02-01', 24, 'France', 1.74, 63, 1, 1249, 'rider/nicolas-prodhomme', '2021-05-08 06:08:31', '2021-05-08 06:08:31'),
	(23, 'https://www.procyclingstats.com/images/riders/bp/ab/marc-sarreau-2021.jpeg', 'Marc', 'SARREAU', '1993-06-10', 27, 'France', 1.82, 76, 1, 187, 'rider/marc-sarreau', '2021-05-08 06:08:36', '2021-05-08 06:08:36'),
	(24, 'https://www.procyclingstats.com/images/riders/bp/ea/michael-schar-2021.jpeg', 'Michael', 'SCHÄR', '1986-09-29', 34, 'Switzerland', 1.98, 78, 1, 913, 'rider/michael-schar', '2021-05-08 06:08:42', '2021-05-08 06:08:42'),
	(25, 'https://www.procyclingstats.com/images/riders/bp/aa/damien-touze-2021.jpeg', 'Damien', 'TOUZÉ', '1996-07-07', 24, 'France', 1.74, 69, 1, 734, 'rider/damien-touze', '2021-05-08 06:08:47', '2021-05-08 06:08:47'),
	(26, 'https://www.procyclingstats.com/images/riders/bp/bf/greg-van-avermaet-2021.jpeg', 'AVERMAET Greg', 'VAN', '1985-05-17', 35, 'Belgium', 1.81, 74, 1, 21, 'rider/greg-van-avermaet', '2021-05-08 06:08:52', '2021-05-08 06:08:52'),
	(27, 'https://www.procyclingstats.com/images/riders/bp/ca/gijs-van-hoecke-2021.jpeg', 'HOECKE Gijs', 'VAN', '1991-11-12', 29, 'Belgium', 1.86, 78, 1, 747, 'rider/gijs-van-hoecke', '2021-05-08 06:08:59', '2021-05-08 06:08:59'),
	(28, 'https://www.procyclingstats.com/images/riders/bp/af/andrea-vendrame-2021.jpeg', 'Andrea', 'VENDRAME', '1994-07-20', 26, 'Italy', 1.68, 60, 1, 121, 'rider/andrea-vendrame', '2021-05-08 06:09:04', '2021-05-08 06:09:04'),
	(29, 'https://www.procyclingstats.com/images/riders/bp/fe/clement-venturini-2021.jpeg', 'Clément', 'VENTURINI', '1993-10-16', 27, 'France', 1.65, 60, 1, 193, 'rider/clement-venturini', '2021-05-08 06:09:10', '2021-05-08 06:09:10'),
	(30, 'https://www.procyclingstats.com/images/riders/bp/ad/lawrence-warbasse-2021.jpeg', 'Larry', 'WARBASSE', '1990-06-28', 30, 'United States', 1.83, 67, 1, 516, 'rider/lawrence-warbasse', '2021-05-08 06:09:15', '2021-05-08 06:09:15'),
	(31, 'https://www.procyclingstats.com/images/riders/bp/ba/alex-aranburu-2021.jpeg', 'Alex', 'ARANBURU', '1995-09-19', 25, 'Spain', 1.78, 63, 2, 63, 'rider/alex-aranburu', '2021-05-08 06:09:21', '2021-05-08 06:09:21'),
	(32, 'https://www.procyclingstats.com/images/riders/bp/cd/samuele-battistella-2021.jpeg', 'Samuele', 'BATTISTELLA', '1998-11-14', 22, 'Italy', 1.80, 67, 2, 557, 'rider/samuele-battistella', '2021-05-08 06:09:26', '2021-05-08 06:09:26'),
	(33, 'https://www.procyclingstats.com/images/riders/bp/cd/manuele-boaro-2021.jpeg', 'Manuele', 'BOARO', '1987-03-12', 34, 'Italy', 1.73, 64, 2, 931, 'rider/manuele-boaro', '2021-05-08 06:09:32', '2021-05-08 06:09:32'),
	(34, 'https://www.procyclingstats.com/images/riders/bp/bf/gleb-brussenskiy-2021.jpeg', 'Gleb', 'BRUSSENSKIY', '2000-04-18', 21, 'Kazakhstan', 1.78, 64, 2, 1256, 'rider/gleb-brussenskiy', '2021-05-08 06:09:37', '2021-05-08 06:09:37'),
	(35, 'https://www.procyclingstats.com/images/riders/bp/fa/rodrigo-contreras-2020.jpeg', 'Rodrigo', 'CONTRERAS', '1994-06-02', 26, 'Colombia', 1.80, 68, 2, 754, 'rider/rodrigo-contreras', '2021-05-08 06:09:42', '2021-05-08 06:09:42'),
	(36, 'https://www.procyclingstats.com/images/riders/bp/fa/stefan-de-bod-2021.jpeg', 'BOD Stefan', 'DE', '1996-11-17', 24, 'South Africa', 1.82, 66, 2, 1127, 'rider/stefan-de-bod', '2021-05-08 06:09:48', '2021-05-08 06:09:48'),
	(37, 'https://www.procyclingstats.com/images/riders/bp/ac/yevgeniy-fedorov-2021.jpeg', 'Yevgeniy', 'FEDOROV', '2000-02-16', 21, 'Kazakhstan', 1.93, 80, 2, 751, 'rider/yevgeniy-fedorov', '2021-05-08 06:09:53', '2021-05-08 06:09:53'),
	(38, 'https://www.procyclingstats.com/images/riders/bp/ef/fabio-felline-2021.jpeg', 'Fabio', 'FELLINE', '1990-03-29', 31, 'Italy', 1.75, 68, 2, 185, 'rider/fabio-felline', '2021-05-08 06:09:59', '2021-05-08 06:09:59'),
	(39, 'https://www.procyclingstats.com/images/riders/bp/ab/omar-fraile-2021.jpeg', 'Omar', 'FRAILE', '1990-07-17', 30, 'Spain', 1.83, 72, 2, 260, 'rider/omar-fraile', '2021-05-08 06:10:04', '2021-05-08 06:10:04'),
	(40, 'https://www.procyclingstats.com/images/riders/bp/bd/jakob-fuglsang-2021.jpeg', 'Jakob', 'FUGLSANG', '1985-03-22', 36, 'Denmark', 1.81, 65, 2, 6, 'rider/jakob-fuglsang', '2021-05-08 06:10:10', '2021-05-08 06:10:10'),
	(41, 'https://www.procyclingstats.com/images/riders/bp/dd/yevgeniy-gidich-2021.jpeg', 'Yevgeniy', 'GIDICH', '1996-05-19', 24, 'Kazakhstan', 1.79, 69, 2, 1105, 'rider/yevgeniy-gidich', '2021-05-08 06:10:15', '2021-05-08 06:10:15'),
	(42, 'https://www.procyclingstats.com/images/riders/bp/ef/jonas-gregaard-2021.jpeg', 'Jonas', 'GREGAARD', '1996-07-30', 24, 'Denmark', 1.86, 66, 2, 1152, 'rider/jonas-gregaard', '2021-05-08 06:10:21', '2021-05-08 06:10:21'),
	(43, 'https://www.procyclingstats.com/images/riders/bp/ed/dmitriy-gruzdev-2021.jpeg', 'Dmitriy', 'GRUZDEV', '1986-03-13', 35, 'Kazakhstan', 1.85, 78, 2, 0, 'rider/dmitriy-gruzdev', '2021-05-08 06:10:26', '2021-05-08 06:10:26'),
	(44, 'https://www.procyclingstats.com/images/riders/bp/ad/hugo-houle-2021.jpeg', 'Hugo', 'HOULE', '1990-09-27', 30, 'Canada', 1.82, 72, 2, 441, 'rider/hugo-houle', '2021-05-08 06:10:31', '2021-05-08 06:10:31'),
	(45, 'https://www.procyclingstats.com/images/riders/bp/de/gorka-izagirre-2021.jpeg', 'Gorka', 'IZAGIRRE', '1987-10-07', 33, 'Spain', 1.76, 66, 2, 102, 'rider/gorka-izagirre', '2021-05-08 06:10:37', '2021-05-08 06:10:37'),
	(46, 'https://www.procyclingstats.com/images/riders/bp/bf/ion-izagirre-2021.jpeg', 'Ion', 'IZAGIRRE', '1989-02-04', 32, 'Spain', 1.73, 60, 2, 49, 'rider/ion-izagirre', '2021-05-08 06:10:42', '2021-05-08 06:10:42'),
	(47, 'https://www.procyclingstats.com/images/riders/bp/bd/merhawi-kudus-2021.jpeg', 'Merhawi', 'KUDUS', '1994-01-23', 27, 'Eritrea', 1.73, 58, 2, 377, 'rider/merhawi-kudus', '2021-05-08 06:10:48', '2021-05-08 06:10:48'),
	(48, 'https://www.procyclingstats.com/images/riders/bp/ec/aleksey-lutsenko-2021.jpeg', 'Alexey', 'LUTSENKO', '1992-09-07', 28, 'Kazakhstan', 1.74, 74, 2, 134, 'rider/aleksey-lutsenko', '2021-05-08 06:10:53', '2021-05-08 06:10:53'),
	(49, 'https://www.procyclingstats.com/images/riders/bp/db/davide-martinelli-2021.jpeg', 'Davide', 'MARTINELLI', '1993-05-31', 27, 'Italy', 1.86, 71, 2, 2137, 'rider/davide-martinelli', '2021-05-08 06:10:59', '2021-05-08 06:10:59'),
	(50, 'https://www.procyclingstats.com/images/riders/bp/be/yuriy-natarov-2021.jpeg', 'Yuriy', 'NATAROV', '1996-12-28', 24, 'Kazakhstan', 1.86, 68, 2, 1200, 'rider/yuriy-natarov', '2021-05-08 06:11:04', '2021-05-08 06:11:04'),
	(51, 'https://www.procyclingstats.com/images/riders/bp/ae/ben-perry-2021.jpeg', 'Benjamin', 'PERRY', '1994-03-07', 27, 'Canada', 1.81, 71, 2, 1922, 'rider/benjamin-perry', '2021-05-08 06:11:10', '2021-05-08 06:11:10'),
	(52, 'https://www.procyclingstats.com/images/riders/bp/be/andrea-piccolo-2021.jpeg', 'Andrea', 'PICCOLO', '2001-03-23', 20, 'Italy', 1.82, 64, 2, 1557, 'rider/andrea-piccolo', '2021-05-08 06:11:15', '2021-05-08 06:11:15'),
	(53, 'https://www.procyclingstats.com/images/riders/bp/ed/vadim-pronskiy-2021.jpeg', 'Vadim', 'PRONSKIY', '1998-06-04', 22, 'Kazakhstan', 1.73, 58, 2, 712, 'rider/vadim-pronskiy', '2021-05-08 06:11:20', '2021-05-08 06:11:20'),
	(54, 'https://www.procyclingstats.com/images/riders/bp/ab/oscar-rodriguez-2021.jpeg', 'Óscar', 'RODRÍGUEZ', '1995-05-06', 26, 'Spain', 1.79, 63, 2, 525, 'rider/oscar-rodriguez', '2021-05-08 06:11:25', '2021-05-08 06:11:25'),
	(55, 'https://www.procyclingstats.com/images/riders/bp/be/javier-romo-2021.jpeg', 'Javier', 'ROMO', '1999-01-06', 22, 'Spain', 1.84, 70, 2, 430, 'rider/javier-romo', '2021-05-08 06:11:31', '2021-05-08 06:11:31'),
	(56, 'https://www.procyclingstats.com/images/riders/bp/dc/luis-leon-sanchez-2021.jpeg', 'Luis León', 'SÁNCHEZ', '1983-11-24', 37, 'Spain', 1.86, 73, 2, 106, 'rider/luis-leon-sanchez', '2021-05-08 06:11:36', '2021-05-08 06:11:36'),
	(57, 'https://www.procyclingstats.com/images/riders/bp/ba/matteo-sobrero-2021.jpeg', 'Matteo', 'SOBRERO', '1997-05-14', 23, 'Italy', 1.77, 63, 2, 881, 'rider/matteo-sobrero', '2021-05-08 06:11:42', '2021-05-08 06:11:42'),
	(58, 'https://www.procyclingstats.com/images/riders/bp/ec/nikita-stalnov-2021.jpeg', 'Nikita', 'STALNOV', '1991-09-14', 29, 'Kazakhstan', 1.76, 63, 2, 653, 'rider/nikita-stalnov', '2021-05-08 06:11:47', '2021-05-08 06:11:47'),
	(59, 'https://www.procyclingstats.com/images/riders/bp/bc/harold-tejada-2021.jpeg', 'Harold', 'TEJADA', '1997-04-27', 24, 'Colombia', 1.80, 63, 2, 464, 'rider/harold-tejada', '2021-05-08 06:11:54', '2021-05-08 06:11:54'),
	(60, 'https://www.procyclingstats.com/images/riders/bp/ae/aleksandr-vlasov-2021.jpeg', 'Aleksandr', 'VLASOV', '1996-04-23', 25, 'Russia', 1.86, 68, 2, 10, 'rider/aleksandr-vlasov', '2021-05-08 06:11:59', '2021-05-08 06:11:59'),
	(61, 'https://www.procyclingstats.com/images/riders/bp/af/artyom-zakharov-2021.jpeg', 'Artyom', 'ZAKHAROV', '1991-10-27', 29, 'Kazakhstan', 1.79, 70, 2, 1208, 'rider/artyom-zakharov', '2021-05-08 06:12:04', '2021-05-08 06:12:04'),
	(62, 'https://www.procyclingstats.com/images/riders/bp/db/yukiya-arashiro-2021.jpeg', 'Yukiya', 'ARASHIRO', '1984-09-22', 36, 'Japan', 1.70, 64, 3, 963, 'rider/yukiya-arashiro', '2021-05-08 06:12:10', '2021-05-08 06:12:10'),
	(63, 'https://www.procyclingstats.com/images/riders/bp/ba/phil-bauhaus-2021.jpeg', 'Phil', 'BAUHAUS', '1994-07-08', 26, 'Germany', 1.84, 71, 3, 232, 'rider/phil-bauhaus', '2021-05-08 06:12:15', '2021-05-08 06:12:15'),
	(64, 'https://www.procyclingstats.com/images/riders/bp/ff/pello-bilbao-2021.jpeg', 'Pello', 'BILBAO', '1990-02-25', 31, 'Spain', 1.74, 60, 3, 28, 'rider/pello-bilbao', '2021-05-08 06:12:20', '2021-05-08 06:12:20'),
	(65, 'https://www.procyclingstats.com/images/riders/bp/ed/santiago-buitrago-sanchez-2021.jpeg', 'Santiago', 'BUITRAGO', '1999-09-26', 21, 'Colombia', 1.74, 59, 3, 545, 'rider/santiago-buitrago-sanchez', '2021-05-08 06:12:26', '2021-05-08 06:12:26'),
	(66, 'https://www.procyclingstats.com/images/riders/bp/fd/eros-capecchi-2021.jpeg', 'Eros', 'CAPECCHI', '1986-06-13', 34, 'Italy', 1.83, 65, 3, 1486, 'rider/eros-capecchi', '2021-05-08 06:12:31', '2021-05-08 06:12:31'),
	(67, 'https://www.procyclingstats.com/images/riders/bp/fd/damiano-caruso-2021.jpeg', 'Damiano', 'CARUSO', '1987-10-12', 33, 'Italy', 1.79, 67, 3, 71, 'rider/damiano-caruso', '2021-05-08 06:12:37', '2021-05-08 06:12:37'),
	(68, 'https://www.procyclingstats.com/images/riders/bp/ca/sonny-colbrelli-2021.jpeg', 'Sonny', 'COLBRELLI', '1990-05-17', 30, 'Italy', 1.76, 74, 3, 58, 'rider/sonny-colbrelli', '2021-05-08 06:12:42', '2021-05-08 06:12:42'),
	(69, 'https://www.procyclingstats.com/images/riders/bp/ea/scott-davies-2020.jpeg', 'Scott', 'DAVIES', '1995-08-05', 25, 'Great Britain', 1.84, 66, 3, 0, 'rider/scott-davies', '2021-05-08 06:12:48', '2021-05-08 06:12:48'),
	(70, 'https://www.procyclingstats.com/images/riders/bp/ac/chun-kai-feng-2020.jpeg', 'Chun Kai', 'FENG', '1988-11-02', 32, 'Taiwan', 1.70, 69, 3, 549, 'rider/chun-kai-feng', '2021-05-08 06:12:53', '2021-05-08 06:12:53'),
	(71, 'https://www.procyclingstats.com/images/riders/bp/cb/jack-haig-2021.jpeg', 'Jack', 'HAIG', '1993-09-06', 27, 'Australia', 1.90, 67, 3, 91, 'rider/jack-haig', '2021-05-08 06:12:58', '2021-05-08 06:12:58'),
	(72, 'https://www.procyclingstats.com/images/riders/bp/fe/marco-haller-2021.jpeg', 'Marco', 'HALLER', '1991-04-01', 30, 'Austria', 1.78, 72, 3, 405, 'rider/marco-haller', '2021-05-08 06:13:04', '2021-05-08 06:13:04'),
	(73, 'https://www.procyclingstats.com/images/riders/bp/fa/heinrich-haussler-2021.jpeg', 'Heinrich', 'HAUSSLER', '1984-02-25', 37, 'Australia', 1.81, 74, 3, 139, 'rider/heinrich-haussler', '2021-05-08 06:13:09', '2021-05-08 06:13:09'),
	(74, 'https://www.procyclingstats.com/images/riders/bp/ab/kevin-inkelaar-2021.jpeg', 'Kevin', 'INKELAAR', '1997-07-08', 23, 'Netherlands', 1.81, 64, 3, 1382, 'rider/kevin-inkelaar', '2021-05-08 06:13:15', '2021-05-08 06:13:15'),
	(75, 'https://www.procyclingstats.com/images/riders/bp/bf/mikel-landa-2021.jpeg', 'Mikel', 'LANDA', '1989-12-13', 31, 'Spain', 1.73, 60, 3, 13, 'rider/mikel-landa', '2021-05-08 06:13:20', '2021-05-08 06:13:20'),
	(76, 'images/rider_placeholder.png', 'Ahmed', 'MADAN', '2000-08-25', 20, 'Bahrein', 0.00, 0, 3, 0, 'rider/ahmed-madan', '2021-05-08 06:13:26', '2021-05-08 06:13:26'),
	(77, 'https://www.procyclingstats.com/images/riders/bp/bc/gino-mader-2021.jpeg', 'Gino', 'MÄDER', '1997-01-04', 24, 'Switzerland', 1.81, 61, 3, 174, 'rider/gino-mader', '2021-05-08 06:13:31', '2021-05-08 06:13:31'),
	(78, 'https://www.procyclingstats.com/images/riders/bp/df/jonathan-milan-2021.jpeg', 'Jonathan', 'MILAN', '2000-10-01', 20, 'Italy', 1.94, 0, 3, 2322, 'rider/jonathan-milan', '2021-05-08 06:13:37', '2021-05-08 06:13:37'),
	(79, 'https://www.procyclingstats.com/images/riders/bp/bd/matej-mohoric-2021.jpeg', 'Matej', 'MOHORIČ', '1994-10-19', 26, 'Slovenia', 1.85, 72, 3, 120, 'rider/matej-mohoric', '2021-05-08 06:13:42', '2021-05-08 06:13:42'),
	(80, 'https://www.procyclingstats.com/images/riders/bp/eb/domen-novak-2021.jpeg', 'Domen', 'NOVAK', '1995-07-12', 25, 'Slovenia', 1.81, 70, 3, 638, 'rider/domen-novak', '2021-05-08 06:13:47', '2021-05-08 06:13:47'),
	(81, 'https://www.procyclingstats.com/images/riders/bp/dc/mark-padun-2021.jpeg', 'Mark', 'PADUN', '1996-07-06', 24, 'Ukraine', 1.82, 64, 3, 767, 'rider/mark-padun', '2021-05-08 06:13:53', '2021-05-08 06:13:53'),
	(82, 'https://www.procyclingstats.com/images/riders/bp/cd/hermann-pernsteiner-2021.jpeg', 'Hermann', 'PERNSTEINER', '1990-08-07', 30, 'Austria', 1.68, 55, 3, 182, 'rider/hermann-pernsteiner', '2021-05-08 06:13:58', '2021-05-08 06:13:58'),
	(83, 'https://www.procyclingstats.com/images/riders/bp/db/wout-poels-2021.jpeg', 'Wout', 'POELS', '1987-10-01', 33, 'Netherlands', 1.83, 66, 3, 88, 'rider/wout-poels', '2021-05-08 06:14:03', '2021-05-08 06:14:03'),
	(84, 'https://www.procyclingstats.com/images/riders/bp/de/marcel-sieberg-2021.jpeg', 'Marcel', 'SIEBERG', '1982-04-30', 39, 'Germany', 1.98, 80, 3, 2134, 'rider/marcel-sieberg', '2021-05-08 06:14:09', '2021-05-08 06:14:09'),
	(85, 'https://www.procyclingstats.com/images/riders/bp/af/dylan-teuns-2021.jpeg', 'Dylan', 'TEUNS', '1992-03-01', 29, 'Belgium', 1.81, 64, 3, 162, 'rider/dylan-teuns', '2021-05-08 06:14:14', '2021-05-08 06:14:14'),
	(86, 'https://www.procyclingstats.com/images/riders/bp/dd/jan-tratnik-2021.jpeg', 'Jan', 'TRATNIK', '1990-02-23', 31, 'Slovenia', 1.73, 67, 3, 261, 'rider/jan-tratnik', '2021-05-08 06:14:19', '2021-05-08 06:14:19'),
	(87, 'https://www.procyclingstats.com/images/riders/bp/fd/rafael-valls-2021.jpeg', 'Rafael', 'VALLS', '1987-06-25', 33, 'Spain', 1.79, 64, 3, 866, 'rider/rafael-valls', '2021-05-08 06:14:25', '2021-05-08 06:14:25'),
	(88, 'https://www.procyclingstats.com/images/riders/bp/bd/stephen-williams-2020.jpeg', 'Stephen', 'WILLIAMS', '1996-06-09', 24, 'Great Britain', 1.83, 59, 3, 0, 'rider/stephen-williams', '2021-05-08 06:14:31', '2021-05-08 06:14:31'),
	(89, 'https://www.procyclingstats.com/images/riders/bp/fc/alfred-wright-2021.jpeg', 'Fred', 'WRIGHT', '1999-06-13', 21, 'Great Britain', 1.84, 75, 3, 1223, 'rider/alfred-wright', '2021-05-08 06:14:36', '2021-05-08 06:14:36'),
	(90, 'https://www.procyclingstats.com/images/riders/bp/fe/pascal-ackermann-2021.jpeg', 'Pascal', 'ACKERMANN', '1994-01-17', 27, 'Germany', 1.80, 78, 4, 30, 'rider/pascal-ackermann', '2021-05-08 06:14:42', '2021-05-08 06:14:42'),
	(91, 'https://www.procyclingstats.com/images/riders/bp/fa/giovanni-aleotti-2021.jpeg', 'Giovanni', 'ALEOTTI', '1999-05-25', 21, 'Italy', 0.00, 0, 4, 821, 'rider/giovanni-aleotti', '2021-05-08 06:14:48', '2021-05-08 06:14:48'),
	(92, 'https://www.procyclingstats.com/images/riders/bp/dc/erik-baska-2021.jpeg', 'Erik', 'BAŠKA', '1994-01-12', 27, 'Slovakia', 1.82, 74, 4, 495, 'rider/erik-baska', '2021-05-08 06:14:53', '2021-05-08 06:14:53'),
	(93, 'https://www.procyclingstats.com/images/riders/bp/ef/cesare-benedetti-2021.jpeg', 'Cesare', 'BENEDETTI', '1987-08-03', 33, 'Italy', 1.70, 63, 4, 1211, 'rider/cesare-benedetti', '2021-05-08 06:14:58', '2021-05-08 06:14:58'),
	(94, 'https://www.procyclingstats.com/images/riders/bp/af/maciej-bodnar-2021.jpeg', 'Maciej', 'BODNAR', '1985-03-07', 36, 'Poland', 1.86, 77, 4, 836, 'rider/maciej-bodnar', '2021-05-08 06:15:04', '2021-05-08 06:15:04'),
	(95, 'https://www.procyclingstats.com/images/riders/bp/af/emanuel-buchmann-2021.jpeg', 'Emanuel', 'BUCHMANN', '1992-11-18', 28, 'Germany', 1.81, 59, 4, 165, 'rider/emanuel-buchmann', '2021-05-08 06:15:09', '2021-05-08 06:15:09'),
	(96, 'https://www.procyclingstats.com/images/riders/bp/bd/marcus-burghardt-2021.jpeg', 'Marcus', 'BURGHARDT', '1983-06-30', 37, 'Germany', 1.89, 75, 4, 542, 'rider/marcus-burghardt', '2021-05-08 06:15:14', '2021-05-08 06:15:14'),
	(97, 'https://www.procyclingstats.com/images/riders/bp/cc/matteo-fabbro-2021.jpeg', 'Matteo', 'FABBRO', '1995-04-10', 26, 'Italy', 1.67, 52, 4, 126, 'rider/matteo-fabbro', '2021-05-08 06:15:20', '2021-05-08 06:15:20'),
	(98, 'https://www.procyclingstats.com/images/riders/bp/dd/patrick-gamper-2021.jpeg', 'Patrick', 'GAMPER', '1997-02-18', 24, 'Austria', 1.92, 81, 4, 838, 'rider/patrick-gamper', '2021-05-08 06:15:25', '2021-05-08 06:15:25'),
	(99, 'https://www.procyclingstats.com/images/riders/bp/db/felix-grossschartner-2021.jpeg', 'Felix', 'GROßSCHARTNER', '1993-12-23', 27, 'Austria', 1.84, 64, 4, 147, 'rider/felix-grossschartner', '2021-05-08 06:15:31', '2021-05-08 06:15:31'),
	(100, 'https://www.procyclingstats.com/images/riders/bp/ad/lennard-kamna-2021.jpeg', 'Lennard', 'KÄMNA', '1996-09-09', 24, 'Germany', 1.81, 65, 4, 72, 'rider/lennard-kamna', '2021-05-08 06:15:36', '2021-05-08 06:15:36'),
	(101, 'https://www.procyclingstats.com/images/riders/bp/fe/wilco-kelderman-2021.jpeg', 'Wilco', 'KELDERMAN', '1991-03-25', 30, 'Netherlands', 1.85, 65, 4, 32, 'rider/wilco-kelderman', '2021-05-08 06:15:42', '2021-05-08 06:15:42'),
	(102, 'https://www.procyclingstats.com/images/riders/bp/bf/patrick-konrad-2021.jpeg', 'Patrick', 'KONRAD', '1991-10-13', 29, 'Austria', 1.80, 65, 4, 73, 'rider/patrick-konrad', '2021-05-08 06:15:47', '2021-05-08 06:15:47'),
	(103, 'https://www.procyclingstats.com/images/riders/bp/fd/martin-laas-2021.jpeg', 'Martin', 'LAAS', '1993-09-15', 27, 'Estonia', 1.76, 74, 4, 244, 'rider/martin-laas', '2021-05-08 06:15:52', '2021-05-08 06:15:52'),
	(104, 'https://www.procyclingstats.com/images/riders/bp/db/jordi-meeus-2021.jpeg', 'Jordi', 'MEEUS', '1998-07-01', 22, 'Belgium', 1.90, 80, 4, 178, 'rider/jordi-meeus', '2021-05-08 06:15:58', '2021-05-08 06:15:58'),
	(105, 'https://www.procyclingstats.com/images/riders/bp/ae/daniel-oss-2021.jpeg', 'Daniel', 'OSS', '1987-01-13', 34, 'Italy', 1.90, 75, 4, 1100, 'rider/daniel-oss', '2021-05-08 06:16:03', '2021-05-08 06:16:03'),
	(106, 'https://www.procyclingstats.com/images/riders/bp/cd/anton-palzer-2021.jpeg', 'Anton', 'PALZER', '1993-03-11', 28, 'Germany', 1.78, 62, 4, 0, 'rider/anton-palzer', '2021-05-08 06:16:08', '2021-05-08 06:16:08'),
	(107, 'https://www.procyclingstats.com/images/riders/bp/dd/nils-politt-2021.jpeg', 'Nils', 'POLITT', '1994-03-06', 27, 'Germany', 1.92, 80, 4, 153, 'rider/nils-politt', '2021-05-08 06:16:14', '2021-05-08 06:16:14'),
	(108, 'https://www.procyclingstats.com/images/riders/bp/fd/lukas-postlberger-2021.jpeg', 'Lukas', 'PÖSTLBERGER', '1992-01-10', 29, 'Austria', 1.82, 70, 4, 1435, 'rider/lukas-postlberger', '2021-05-08 06:16:20', '2021-05-08 06:16:20'),
	(109, 'https://www.procyclingstats.com/images/riders/bp/ff/juraj-sagan-2021-n2.jpeg', 'Juraj', 'SAGAN', '1988-12-23', 32, 'Slovakia', 1.73, 65, 4, 319, 'rider/juraj-sagan', '2021-05-08 06:16:25', '2021-05-08 06:16:25'),
	(110, 'https://www.procyclingstats.com/images/riders/bp/da/peter-sagan-2021.jpeg', 'Peter', 'SAGAN', '1990-01-26', 31, 'Slovakia', 1.84, 78, 4, 41, 'rider/peter-sagan', '2021-05-08 06:16:30', '2021-05-08 06:16:30'),
	(111, 'https://www.procyclingstats.com/images/riders/bp/fb/maximilian-schachmann-2021.jpeg', 'Maximilian', 'SCHACHMANN', '1994-01-09', 27, 'Germany', 1.83, 70, 4, 12, 'rider/maximilian-schachmann', '2021-05-08 06:16:36', '2021-05-08 06:16:36'),
	(112, 'https://www.procyclingstats.com/images/riders/bp/aa/ide-schelling-2021.jpeg', 'Ide', 'SCHELLING', '1998-02-06', 23, 'Netherlands', 1.82, 66, 4, 184, 'rider/ide-schelling', '2021-05-08 06:16:41', '2021-05-08 06:16:41'),
	(113, 'https://www.procyclingstats.com/images/riders/bp/fe/andreas-schillinger-2021.jpeg', 'Andreas', 'SCHILLINGER', '1983-07-13', 37, 'Germany', 1.88, 72, 4, 0, 'rider/andreas-schillinger', '2021-05-08 06:16:46', '2021-05-08 06:16:46'),
	(114, 'https://www.procyclingstats.com/images/riders/bp/ab/michael-schwarzmann-2021.jpeg', 'Michael', 'SCHWARZMANN', '1991-01-07', 30, 'Germany', 1.74, 69, 4, 850, 'rider/michael-schwarzmann', '2021-05-08 06:16:52', '2021-05-08 06:16:52'),
	(115, 'https://www.procyclingstats.com/images/riders/bp/de/rudiger-selig-2021.jpeg', 'Rüdiger', 'SELIG', '1989-02-19', 32, 'Germany', 1.88, 80, 4, 1410, 'rider/rudiger-selig', '2021-05-08 06:16:57', '2021-05-08 06:16:57'),
	(116, 'https://www.procyclingstats.com/images/riders/bp/ad/matthew-walls-2021.jpeg', 'Matthew', 'WALLS', '1998-04-20', 23, 'Great Britain', 0.00, 0, 4, 2235, 'rider/matthew-walls', '2021-05-08 06:17:03', '2021-05-08 06:17:03'),
	(117, 'https://www.procyclingstats.com/images/riders/bp/bc/frederik-wandahl-2021.jpeg', 'Frederik', 'WANDAHL', '2001-05-09', 19, 'Denmark', 0.00, 0, 4, 0, 'rider/frederik-wandahl', '2021-05-08 06:17:08', '2021-05-08 06:17:08'),
	(118, 'https://www.procyclingstats.com/images/riders/bp/ed/ben-zwiehoff-2021.jpeg', 'Ben', 'ZWIEHOFF', '1994-02-22', 27, 'Germany', 1.82, 61, 4, 741, 'rider/ben-zwiehoff', '2021-05-08 06:17:14', '2021-05-08 06:17:14'),
	(119, 'https://www.procyclingstats.com/images/riders/bp/fd/piet-allegaert-2021.jpeg', 'Piet', 'ALLEGAERT', '1995-01-20', 26, 'Belgium', 1.81, 70, 5, 383, 'rider/piet-allegaert', '2021-05-08 06:17:19', '2021-05-08 06:17:19'),
	(120, 'https://www.procyclingstats.com/images/riders/bp/ec/fernando-barcelo-2021.jpeg', 'Fernando', 'BARCELÓ', '1996-01-06', 25, 'Spain', 1.73, 62, 5, 490, 'rider/fernando-barcelo', '2021-05-08 06:17:25', '2021-05-08 06:17:25'),
	(121, 'https://www.procyclingstats.com/images/riders/bp/ea/natnael-berhane-2021.jpeg', 'Natnael', 'BERHANE', '1991-01-05', 30, 'Eritrea', 1.82, 66, 5, 2093, 'rider/natnael-berhane', '2021-05-08 06:17:30', '2021-05-08 06:17:30'),
	(122, 'https://www.procyclingstats.com/images/riders/bp/ce/tom-bohli-2021.jpeg', 'Tom', 'BOHLI', '1994-01-17', 27, 'Switzerland', 1.83, 71, 5, 1278, 'rider/tom-bohli', '2021-05-08 06:17:35', '2021-05-08 06:17:35'),
	(123, 'https://www.procyclingstats.com/images/riders/bp/ec/andre-carvalho-2021.jpeg', 'Andre', 'CARVALHO', '1997-10-31', 23, 'Portugal', 1.81, 66, 5, 973, 'rider/andre-carvalho', '2021-05-08 06:17:41', '2021-05-08 06:17:41'),
	(124, 'https://www.procyclingstats.com/images/riders/bp/bd/thomas-champion-2021.jpeg', 'Thomas', 'CHAMPION', '1999-09-08', 21, 'France', 1.93, 70, 5, 967, 'rider/thomas-champion', '2021-05-08 06:17:46', '2021-05-08 06:17:46'),
	(125, 'https://www.procyclingstats.com/images/riders/bp/ea/simone-consonni-2021.jpeg', 'Simone', 'CONSONNI', '1994-09-12', 26, 'Italy', 1.65, 60, 5, 411, 'rider/simone-consonni', '2021-05-08 06:17:51', '2021-05-08 06:17:51'),
	(126, 'https://www.procyclingstats.com/images/riders/bp/af/jempy-drucker-2021.jpeg', 'Jempy', 'DRUCKER', '1986-09-03', 34, 'Luxembourg', 1.82, 75, 5, 255, 'rider/jean-pierre-drucker', '2021-05-08 06:17:57', '2021-05-08 06:17:57'),
	(127, 'https://www.procyclingstats.com/images/riders/bp/ed/nicolas-edet-2021.jpeg', 'Nicolas', 'EDET', '1987-12-02', 33, 'France', 1.76, 60, 5, 607, 'rider/nicolas-edet', '2021-05-08 06:18:02', '2021-05-08 06:18:02'),
	(128, 'https://www.procyclingstats.com/images/riders/bp/bd/ruben-fernandez-2021.jpeg', 'Rubén', 'FERNÁNDEZ', '1991-03-01', 30, 'Spain', 1.77, 60, 5, 176, 'rider/ruben-fernandez', '2021-05-08 06:18:08', '2021-05-08 06:18:08'),
	(129, 'https://www.procyclingstats.com/images/riders/bp/ea/eddy-fine-2020.jpeg', 'Eddy', 'FINÉ', '1997-11-20', 23, 'France', 1.80, 70, 5, 0, 'rider/eddy-fine', '2021-05-08 06:18:13', '2021-05-08 06:18:13'),
	(130, 'https://www.procyclingstats.com/images/riders/bp/ce/simon-geschke-2021.jpeg', 'Simon', 'GESCHKE', '1986-03-13', 35, 'Germany', 1.71, 64, 5, 135, 'rider/simon-geschke', '2021-05-08 06:18:19', '2021-05-08 06:18:19'),
	(131, 'https://www.procyclingstats.com/images/riders/bp/af/nathan-haas-2021.jpeg', 'Nathan', 'HAAS', '1989-03-12', 32, 'Australia', 1.78, 71, 5, 851, 'rider/nathan-haas', '2021-05-08 06:18:24', '2021-05-08 06:18:24'),
	(132, 'https://www.procyclingstats.com/images/riders/bp/bb/jesus-herrada-2021.jpeg', 'Jesús', 'HERRADA', '1990-07-26', 30, 'Spain', 1.83, 70, 5, 114, 'rider/jesus-herrada-lopez', '2021-05-08 06:18:30', '2021-05-08 06:18:30'),
	(133, 'https://www.procyclingstats.com/images/riders/bp/ed/jose-herrada-2021.jpeg', 'José', 'HERRADA', '1985-10-01', 35, 'Spain', 1.75, 65, 5, 700, 'rider/jose-herrada', '2021-05-08 06:18:35', '2021-05-08 06:18:35'),
	(134, 'https://www.procyclingstats.com/images/riders/bp/fb/victor-lafay-2021.jpeg', 'Victor', 'LAFAY', '1996-01-17', 25, 'France', 1.77, 65, 5, 354, 'rider/victor-lafay', '2021-05-08 06:18:40', '2021-05-08 06:18:40'),
	(135, 'https://www.procyclingstats.com/images/riders/bp/ae/christophe-laporte-2021.jpeg', 'Christophe', 'LAPORTE', '1992-12-11', 28, 'France', 1.89, 76, 5, 85, 'rider/christophe-laporte', '2021-05-08 06:18:46', '2021-05-08 06:18:46'),
	(136, 'https://www.procyclingstats.com/images/riders/bp/ae/guillaume-martin-2021.jpeg', 'Guillaume', 'MARTIN', '1993-06-09', 27, 'France', 1.73, 55, 5, 25, 'rider/guillaume-martin', '2021-05-08 06:18:51', '2021-05-08 06:18:51'),
	(137, 'https://www.procyclingstats.com/images/riders/bp/ae/emmanuel-morin-2021.jpeg', 'Emmanuel', 'MORIN', '1995-03-13', 26, 'France', 1.78, 72, 5, 736, 'rider/emmanuel-morin', '2021-05-08 06:18:56', '2021-05-08 06:18:56'),
	(138, 'https://www.procyclingstats.com/images/riders/bp/fc/anthony-perez-2020.jpeg', 'Anthony', 'PEREZ', '1991-04-22', 30, 'France', 1.90, 70, 5, 1361, 'rider/anthony-perez', '2021-05-08 06:19:02', '2021-05-08 06:19:02'),
	(139, 'https://www.procyclingstats.com/images/riders/bp/dd/pierre-luc-perichon-2021.jpeg', 'Pierre-Luc', 'PÉRICHON', '1987-01-04', 34, 'France', 1.82, 69, 5, 2111, 'rider/pierre-luc-perichon', '2021-05-08 06:19:07', '2021-05-08 06:19:07'),
	(140, 'https://www.procyclingstats.com/images/riders/bp/bf/remy-rochas-2021.jpeg', 'Rémy', 'ROCHAS', '1996-05-18', 24, 'France', 1.64, 51, 5, 287, 'rider/remy-rochas', '2021-05-08 06:19:13', '2021-05-08 06:19:13'),
	(141, 'https://www.procyclingstats.com/images/riders/bp/cc/fabio-sabatini-2021.jpeg', 'Fabio', 'SABATINI', '1985-02-18', 36, 'Italy', 1.87, 74, 5, 0, 'rider/fabio-sabatini', '2021-05-08 06:19:18', '2021-05-08 06:19:18'),
	(142, 'https://www.procyclingstats.com/images/riders/bp/cb/szymon-sajnok-2021.jpeg', 'Szymon', 'SAJNOK', '1997-08-24', 23, 'Poland', 1.84, 75, 5, 444, 'rider/szymon-sajnok', '2021-05-08 06:19:24', '2021-05-08 06:19:24'),
	(143, 'https://www.procyclingstats.com/images/riders/bp/ba/hugo-toumire-2021.jpeg', 'Hugo', 'TOUMIRE', '2001-10-05', 19, 'France', 1.80, 69, 5, 0, 'rider/hugo-toumire', '2021-05-08 06:19:29', '2021-05-08 06:19:29'),
	(144, 'https://www.procyclingstats.com/images/riders/bp/aa/kenneth-vanbilsen-2021.jpeg', 'Kenneth', 'VANBILSEN', '1990-06-01', 30, 'Belgium', 1.84, 73, 5, 0, 'rider/kenneth-van-bilsen', '2021-05-08 06:19:34', '2021-05-08 06:19:34'),
	(145, 'https://www.procyclingstats.com/images/riders/bp/ed/attilio-viviani-2021.jpeg', 'Attilio', 'VIVIANI', '1996-10-18', 24, 'Italy', 1.74, 69, 5, 1503, 'rider/attilio-viviani', '2021-05-08 06:19:40', '2021-05-08 06:19:40'),
	(146, 'https://www.procyclingstats.com/images/riders/bp/cb/elia-viviani-2021.jpeg', 'Elia', 'VIVIANI', '1989-02-07', 32, 'Italy', 1.78, 67, 5, 177, 'rider/elia-viviani', '2021-05-08 06:19:45', '2021-05-08 06:19:45'),
	(147, 'https://www.procyclingstats.com/images/riders/bp/cb/jelle-wallays-2021.jpeg', 'Jelle', 'WALLAYS', '1989-05-11', 31, 'Belgium', 1.85, 77, 5, 571, 'rider/jelle-wallays', '2021-05-08 06:19:51', '2021-05-08 06:19:51'),
	(148, 'https://www.procyclingstats.com/images/riders/bp/bf/julian-alaphilippe-2021.jpeg', 'Julian', 'ALAPHILIPPE', '1992-06-11', 28, 'France', 1.73, 62, 6, 4, 'rider/julian-alaphilippe', '2021-05-08 06:19:56', '2021-05-08 06:19:56'),
	(149, 'https://www.procyclingstats.com/images/riders/bp/fa/joao-almeida-2021.jpeg', 'João', 'ALMEIDA', '1998-08-05', 22, 'Portugal', 1.78, 63, 6, 8, 'rider/joao-almeida', '2021-05-08 06:20:02', '2021-05-08 06:20:02'),
	(150, 'https://www.procyclingstats.com/images/riders/bp/cd/shane-archbold-2021-n2.jpeg', 'Shane', 'ARCHBOLD', '1989-02-02', 32, 'New Zealand', 1.82, 79, 6, 451, 'rider/shane-archbold', '2021-05-08 06:20:08', '2021-05-08 06:20:08'),
	(151, 'https://www.procyclingstats.com/images/riders/bp/fb/kasper-asgreen-2021.jpeg', 'Kasper', 'ASGREEN', '1995-02-08', 26, 'Denmark', 1.92, 75, 6, 26, 'rider/kasper-asgreen', '2021-05-08 06:20:14', '2021-05-08 06:20:14'),
	(152, 'https://www.procyclingstats.com/images/riders/bp/fa/andrea-bagioli-2021.jpeg', 'Andrea', 'BAGIOLI', '1999-03-23', 22, 'Italy', 1.76, 60, 6, 127, 'rider/andrea-bagioli', '2021-05-08 06:20:19', '2021-05-08 06:20:19'),
	(153, 'https://www.procyclingstats.com/images/riders/bp/cb/davide-ballerini-2021.jpeg', 'Davide', 'BALLERINI', '1994-09-21', 26, 'Italy', 1.83, 77, 6, 52, 'rider/davide-ballerini', '2021-05-08 06:20:24', '2021-05-08 06:20:24'),
	(154, 'https://www.procyclingstats.com/images/riders/bp/bd/sam-bennett-2021-n2.jpeg', 'Sam', 'BENNETT', '1990-10-16', 30, 'Ireland', 1.78, 73, 6, 18, 'rider/sam-bennett', '2021-05-08 06:20:30', '2021-05-08 06:20:30'),
	(155, 'https://www.procyclingstats.com/images/riders/bp/eb/mattia-cattaneo-2021.jpeg', 'Mattia', 'CATTANEO', '1990-10-25', 30, 'Italy', 1.84, 67, 6, 217, 'rider/mattia-cattaneo', '2021-05-08 06:20:35', '2021-05-08 06:20:35'),
	(156, 'https://www.procyclingstats.com/images/riders/bp/de/remi-cavagna-2021.jpeg', 'Rémi', 'CAVAGNA', '1995-08-10', 25, 'France', 1.86, 78, 6, 130, 'rider/remi-cavagna', '2021-05-08 06:20:40', '2021-05-08 06:20:40'),
	(157, 'https://www.procyclingstats.com/images/riders/bp/ea/mark-cavendish-2021.jpeg', 'Mark', 'CAVENDISH', '1985-05-21', 35, 'Great Britain', 1.75, 70, 6, 136, 'rider/mark-cavendish', '2021-05-08 06:20:46', '2021-05-08 06:20:46'),
	(158, 'https://www.procyclingstats.com/images/riders/bp/aa/josef-cerny-2021.jpeg', 'Josef', 'ČERNÝ', '1993-05-11', 27, 'Czech Republic', 1.88, 77, 6, 110, 'rider/josef-cerny', '2021-05-08 06:20:51', '2021-05-08 06:20:51'),
	(159, 'https://www.procyclingstats.com/images/riders/bp/fc/tim-declercq-2021.jpeg', 'Tim', 'DECLERCQ', '1989-03-21', 32, 'Belgium', 1.90, 78, 6, 2118, 'rider/tim-declercq', '2021-05-08 06:20:57', '2021-05-08 06:20:57'),
	(160, 'https://www.procyclingstats.com/images/riders/bp/bc/dries-devenyns-2021.jpeg', 'Dries', 'DEVENYNS', '1983-07-22', 37, 'Belgium', 1.77, 65, 6, 489, 'rider/dries-devenyns', '2021-05-08 06:21:02', '2021-05-08 06:21:02'),
	(161, 'https://www.procyclingstats.com/images/riders/bp/aa/remco-evenepoel-2021.jpeg', 'Remco', 'EVENEPOEL', '2000-01-25', 21, 'Belgium', 1.71, 60, 6, 43, 'rider/remco-evenepoel', '2021-05-08 06:21:08', '2021-05-08 06:21:08'),
	(162, 'https://www.procyclingstats.com/images/riders/bp/bc/ian-garrison-2021.jpeg', 'Ian', 'GARRISON', '1998-04-14', 23, 'United States', 1.93, 76, 6, 2054, 'rider/ian-garrison', '2021-05-08 06:21:14', '2021-05-08 06:21:14'),
	(163, 'https://www.procyclingstats.com/images/riders/bp/dc/alvaro-jose-hodeg-2021.jpeg', 'Álvaro José', 'HODEG', '1996-09-16', 24, 'Colombia', 1.86, 76, 6, 772, 'rider/alvaro-jose-hodeg', '2021-05-08 06:21:19', '2021-05-08 06:21:19'),
	(164, 'https://www.procyclingstats.com/images/riders/bp/dd/mikkel-frolich-honore-2021.jpeg', 'Mikkel Frølich', 'HONORÉ', '1997-01-21', 24, 'Denmark', 1.85, 68, 6, 93, 'rider/mikkel-honore', '2021-05-08 06:21:25', '2021-05-08 06:21:25'),
	(165, 'https://www.procyclingstats.com/images/riders/bp/df/fabio-jakobsen-2021.jpeg', 'Fabio', 'JAKOBSEN', '1996-08-31', 24, 'Netherlands', 1.81, 78, 6, 474, 'rider/fabio-jakobsen', '2021-05-08 06:21:30', '2021-05-08 06:21:30'),
	(166, 'https://www.procyclingstats.com/images/riders/bp/bf/iljo-keisse-2021.jpeg', 'Iljo', 'KEISSE', '1982-12-21', 38, 'Belgium', 1.83, 72, 6, 479, 'rider/iljo-keisse', '2021-05-08 06:21:35', '2021-05-08 06:21:35'),
	(167, 'https://www.procyclingstats.com/images/riders/bp/ed/james-knox-2021.jpeg', 'James', 'KNOX', '1995-11-04', 25, 'Great Britain', 1.73, 58, 6, 233, 'rider/james-knox', '2021-05-08 06:21:41', '2021-05-08 06:21:41'),
	(168, 'https://www.procyclingstats.com/images/riders/bp/aa/yves-lampaert-2021.jpeg', 'Yves', 'LAMPAERT', '1991-04-10', 30, 'Belgium', 1.80, 75, 6, 79, 'rider/yves-lampaert', '2021-05-08 06:21:46', '2021-05-08 06:21:46'),
	(169, 'https://www.procyclingstats.com/images/riders/bp/dc/fausto-masnada-2021.jpeg', 'Fausto', 'MASNADA', '1993-11-06', 27, 'Italy', 1.82, 65, 6, 74, 'rider/fausto-masnada', '2021-05-08 06:21:52', '2021-05-08 06:21:52'),
	(170, 'https://www.procyclingstats.com/images/riders/bp/fa/michael-morkov-2021.jpeg', 'Michael', 'MØRKØV', '1985-04-30', 36, 'Denmark', 1.83, 71, 6, 279, 'rider/michael-morkov', '2021-05-08 06:21:57', '2021-05-08 06:21:57'),
	(171, 'https://www.procyclingstats.com/images/riders/bp/ec/florian-senechal-2021.jpeg', 'Florian', 'SÉNÉCHAL', '1993-07-10', 27, 'France', 1.79, 77, 6, 15, 'rider/florian-senechal', '2021-05-08 06:22:03', '2021-05-08 06:22:03'),
	(172, 'https://www.procyclingstats.com/images/riders/bp/cc/pieter-serry-2021.jpeg', 'Pieter', 'SERRY', '1988-11-21', 32, 'Belgium', 1.86, 66, 6, 327, 'rider/pieter-serry', '2021-05-08 06:22:09', '2021-05-08 06:22:09'),
	(173, 'https://www.procyclingstats.com/images/riders/bp/db/stijn-steels-2021.jpeg', 'Stijn', 'STEELS', '1989-08-21', 31, 'Belgium', 1.82, 78, 6, 0, 'rider/stijn-steels', '2021-05-08 06:22:14', '2021-05-08 06:22:14'),
	(174, 'https://www.procyclingstats.com/images/riders/bp/ee/jannik-steimle-2021.jpeg', 'Jannik', 'STEIMLE', '1996-04-04', 25, 'Germany', 1.87, 73, 6, 220, 'rider/jannik-steimle', '2021-05-08 06:22:20', '2021-05-08 06:22:20'),
	(175, 'https://www.procyclingstats.com/images/riders/bp/ab/zdenek-stybar-2021.jpeg', 'Zdeněk', 'ŠTYBAR', '1985-12-11', 35, 'Czech Republic', 1.83, 68, 6, 129, 'rider/zdenek-stybar', '2021-05-08 06:22:25', '2021-05-08 06:22:25'),
	(176, 'https://www.procyclingstats.com/images/riders/bp/ec/bert-van-lerberghe-2021.jpeg', 'LERBERGHE Bert', 'VAN', '1992-09-29', 28, 'Belgium', 1.90, 83, 6, 347, 'rider/bert-van-lerberghe', '2021-05-08 06:22:32', '2021-05-08 06:22:32'),
	(177, 'https://www.procyclingstats.com/images/riders/bp/ab/mauri-vansevenant-2021.jpeg', 'Mauri', 'VANSEVENANT', '1999-06-01', 21, 'Belgium', 1.75, 60, 6, 87, 'rider/mauri-vansevenant', '2021-05-08 06:22:37', '2021-05-08 06:22:37'),
	(178, 'https://www.procyclingstats.com/images/riders/bp/dc/daniel-arroyave-canas-2021.jpeg', 'Daniel', 'ARROYAVE', '2000-06-19', 20, 'Colombia', 1.78, 52, 7, 0, 'rider/daniel-arroyave-canas', '2021-05-08 06:22:42', '2021-05-08 06:22:42'),
	(179, 'https://www.procyclingstats.com/images/riders/bp/ee/william-barta-2021.jpeg', 'Will', 'BARTA', '1996-01-04', 25, 'United States', 1.80, 61, 7, 427, 'rider/william-barta', '2021-05-08 06:22:48', '2021-05-08 06:22:48'),
	(180, 'https://www.procyclingstats.com/images/riders/bp/de/fumiyuki-beppu-2021.jpeg', 'Fumiyuki', 'BEPPU', '1983-04-10', 38, 'Japan', 1.80, 69, 7, 2136, 'rider/fumiyuki-beppu', '2021-05-08 06:22:53', '2021-05-08 06:22:53'),
	(181, 'https://www.procyclingstats.com/images/riders/bp/ea/alberto-bettiol-2021.jpeg', 'Alberto', 'BETTIOL', '1993-10-29', 27, 'Italy', 1.80, 69, 7, 511, 'rider/alberto-bettiol', '2021-05-08 06:22:59', '2021-05-08 06:22:59'),
	(182, 'https://www.procyclingstats.com/images/riders/bp/ae/stefan-bissegger-2021.jpeg', 'Stefan', 'BISSEGGER', '1998-09-13', 22, 'Switzerland', 1.78, 78, 7, 157, 'rider/stefan-bissegger', '2021-05-08 06:23:04', '2021-05-08 06:23:04'),
	(183, 'https://www.procyclingstats.com/images/riders/bp/cb/jonathan-klever-caicedo-2021.jpeg', 'Jonathan Klever', 'CAICEDO', '1993-04-28', 28, 'Ecuador', 1.64, 62, 7, 332, 'rider/jonathan-klever-caicedo', '2021-05-08 06:23:10', '2021-05-08 06:23:10'),
	(184, 'https://www.procyclingstats.com/images/riders/bp/ae/diego-andres-camargo-2021.jpeg', 'Diego Andrés', 'CAMARGO', '1998-05-03', 23, 'Colombia', 0.00, 0, 7, 2359, 'rider/diego-andres-camargo', '2021-05-08 06:23:15', '2021-05-08 06:23:15'),
	(185, 'https://www.procyclingstats.com/images/riders/bp/ce/simon-carr-2021.jpeg', 'Simon', 'CARR', '1998-08-29', 22, 'Great Britain', 1.82, 63, 7, 200, 'rider/simon-carr', '2021-05-08 06:23:21', '2021-05-08 06:23:21'),
	(186, 'https://www.procyclingstats.com/images/riders/bp/be/hugh-carthy-2021.jpeg', 'Hugh', 'CARTHY', '1994-07-09', 26, 'Great Britain', 1.93, 69, 7, 34, 'rider/hugh-carthy', '2021-05-08 06:23:26', '2021-05-08 06:23:26'),
	(187, 'https://www.procyclingstats.com/images/riders/bp/ee/magnus-cort-nielsen-2021.jpeg', 'Magnus', 'CORT', '1993-01-16', 28, 'Denmark', 1.83, 68, 7, 188, 'rider/magnus-cort-nielsen', '2021-05-08 06:23:31', '2021-05-08 06:23:31'),
	(188, 'https://www.procyclingstats.com/images/riders/bp/ee/lawson-craddock-2021.jpeg', 'Lawson', 'CRADDOCK', '1992-02-20', 29, 'United States', 1.78, 69, 7, 2119, 'rider/lawson-craddock', '2021-05-08 06:23:37', '2021-05-08 06:23:37'),
	(189, 'https://www.procyclingstats.com/images/riders/bp/bd/mitchell-docker-2021.jpeg', 'Mitchell', 'DOCKER', '1986-10-02', 34, 'Australia', 1.80, 0, 7, 0, 'rider/mitchell-docker', '2021-05-08 06:23:42', '2021-05-08 06:23:42'),
	(190, 'https://www.procyclingstats.com/images/riders/bp/ce/julien-el-fares-2021.jpeg', 'FARES Julien', 'EL', '1985-06-01', 35, 'France', 1.72, 62, 7, 702, 'rider/julien-el-fares', '2021-05-08 06:23:48', '2021-05-08 06:23:48'),
	(191, 'https://www.procyclingstats.com/images/riders/bp/dc/ruben-guerreiro-2021.jpeg', 'Ruben', 'GUERREIRO', '1994-07-06', 26, 'Portugal', 1.78, 65, 7, 117, 'rider/ruben-guerreiro', '2021-05-08 06:23:53', '2021-05-08 06:23:53'),
	(192, 'https://www.procyclingstats.com/images/riders/bp/be/sergio-higuita-2021.jpeg', 'Sergio', 'HIGUITA', '1997-08-01', 23, 'Colombia', 1.66, 57, 7, 181, 'rider/sergio-higuita', '2021-05-08 06:23:59', '2021-05-08 06:23:59'),
	(193, 'https://www.procyclingstats.com/images/riders/bp/cb/moreno-hofland-2021.jpeg', 'Moreno', 'HOFLAND', '1991-08-31', 29, 'Netherlands', 1.79, 71, 7, 2122, 'rider/moreno-hofland', '2021-05-08 06:24:04', '2021-05-08 06:24:04'),
	(194, 'https://www.procyclingstats.com/images/riders/bp/fd/alex-howes-2021.jpeg', 'Alex', 'HOWES', '1988-01-01', 33, 'United States', 1.75, 61, 7, 0, 'rider/alex-howes', '2021-05-08 06:24:09', '2021-05-08 06:24:09'),
	(195, 'https://www.procyclingstats.com/images/riders/bp/eb/jens-keukeleire-2021.jpeg', 'Jens', 'KEUKELEIRE', '1988-11-23', 32, 'Belgium', 1.85, 69, 7, 2120, 'rider/jens-keukeleire', '2021-05-08 06:24:15', '2021-05-08 06:24:15'),
	(196, 'https://www.procyclingstats.com/images/riders/bp/dc/sebastian-langeveld-2021.jpeg', 'Sebastian', 'LANGEVELD', '1985-01-17', 36, 'Netherlands', 1.78, 67, 7, 1367, 'rider/sebastian-langeveld', '2021-05-08 06:24:20', '2021-05-08 06:24:20'),
	(197, 'https://www.procyclingstats.com/images/riders/bp/eb/lachlan-morton-2021.jpeg', 'Lachlan', 'MORTON', '1992-01-02', 29, 'Australia', 1.80, 62, 7, 2097, 'rider/lachlan-morton', '2021-05-08 06:24:25', '2021-05-08 06:24:25'),
	(198, 'https://www.procyclingstats.com/images/riders/bp/da/hideto-nakane-2021.jpeg', 'Hideto', 'NAKANE', '1990-05-02', 31, 'Japan', 1.70, 55, 7, 608, 'rider/hideto-nakane', '2021-05-08 06:24:31', '2021-05-08 06:24:31'),
	(199, 'https://www.procyclingstats.com/images/riders/bp/fa/logan-owen-2021.jpeg', 'Logan', 'OWEN', '1995-03-25', 26, 'United States', 1.78, 67, 7, 0, 'rider/logan-owen', '2021-05-08 06:24:37', '2021-05-08 06:24:37'),
	(200, 'https://www.procyclingstats.com/images/riders/bp/ee/neilson-powless-2021.jpeg', 'Neilson', 'POWLESS', '1996-09-03', 24, 'United States', 1.83, 67, 7, 234, 'rider/neilson-powless', '2021-05-08 06:24:42', '2021-05-08 06:24:42'),
	(201, 'https://www.procyclingstats.com/images/riders/bp/ea/jonas-rutsch-2021.jpeg', 'Jonas', 'RUTSCH', '1998-01-24', 23, 'Germany', 1.97, 82, 7, 1388, 'rider/jonas-rutsch', '2021-05-08 06:24:48', '2021-05-08 06:24:48'),
	(202, 'https://www.procyclingstats.com/images/riders/bp/ee/thomas-scully-2021.jpeg', 'Tom', 'SCULLY', '1990-01-14', 31, 'New Zealand', 1.88, 85, 7, 0, 'rider/thomas-scully', '2021-05-08 06:24:54', '2021-05-08 06:24:54'),
	(203, 'https://www.procyclingstats.com/images/riders/bp/cc/rigoberto-uran-2021.jpeg', 'Rigoberto', 'URÁN', '1987-01-26', 34, 'Colombia', 1.73, 63, 7, 133, 'rider/rigoberto-uran', '2021-05-08 06:24:59', '2021-05-08 06:24:59'),
	(204, 'https://www.procyclingstats.com/images/riders/bp/bd/michael-valgren-andersen-2021.jpeg', 'Michael', 'VALGREN', '1992-02-07', 29, 'Denmark', 1.79, 71, 7, 240, 'rider/michael-valgren-andersen', '2021-05-08 06:25:04', '2021-05-08 06:25:04'),
	(205, 'https://www.procyclingstats.com/images/riders/bp/ec/julius-van-den-berg-2021.jpeg', 'DEN BERG Julius', 'VAN', '1996-10-23', 24, 'Netherlands', 1.89, 78, 7, 2180, 'rider/julius-van-den-berg', '2021-05-08 06:25:10', '2021-05-08 06:25:10'),
	(206, 'https://www.procyclingstats.com/images/riders/bp/ee/tejay-van-garderen-2021.jpeg', 'GARDEREN Tejay', 'VAN', '1988-08-12', 32, 'United States', 1.86, 72, 7, 1657, 'rider/tejay-van-garderen', '2021-05-08 06:25:16', '2021-05-08 06:25:16'),
	(207, 'https://www.procyclingstats.com/images/riders/bp/da/james-whelan-2021.jpeg', 'James', 'WHELAN', '1996-07-11', 24, 'Australia', 1.86, 65, 7, 696, 'rider/james-whelan', '2021-05-08 06:25:21', '2021-05-08 06:25:21'),
	(208, 'https://www.procyclingstats.com/images/riders/bp/fa/bruno-armirail-2021.jpeg', 'Bruno', 'ARMIRAIL', '1994-04-11', 27, 'France', 1.90, 74, 8, 687, 'rider/bruno-armirail', '2021-05-08 06:25:27', '2021-05-08 06:25:27'),
	(209, 'https://www.procyclingstats.com/images/riders/bp/df/matteo-badilatti-2021.jpeg', 'Matteo', 'BADILATTI', '1992-07-30', 28, 'Switzerland', 1.78, 62, 8, 224, 'rider/matteo-badilatti', '2021-05-08 06:25:33', '2021-05-08 06:25:33'),
	(210, 'https://www.procyclingstats.com/images/riders/bp/ab/william-bonnet-2021.jpeg', 'William', 'BONNET', '1982-06-25', 38, 'France', 1.85, 80, 8, 0, 'rider/william-bonnet', '2021-05-08 06:25:38', '2021-05-08 06:25:38'),
	(211, 'https://www.procyclingstats.com/images/riders/bp/be/alexys-brunel-2021.jpeg', 'Alexys', 'BRUNEL', '1998-10-10', 22, 'France', 1.90, 70, 8, 1456, 'rider/alexys-brunel', '2021-05-08 06:25:44', '2021-05-08 06:25:44'),
	(212, 'https://www.procyclingstats.com/images/riders/bp/ac/clement-davy-2021.jpeg', 'Clément', 'DAVY', '1998-07-17', 22, 'France', 1.84, 73, 8, 2198, 'rider/clement-davy', '2021-05-08 06:25:49', '2021-05-08 06:25:49'),
	(213, 'https://www.procyclingstats.com/images/riders/bp/ce/mickael-delage-2021.jpeg', 'Mickaël', 'DELAGE', '1985-08-06', 35, 'France', 1.80, 70, 8, 0, 'rider/mickael-delage', '2021-05-08 06:25:54', '2021-05-08 06:25:54'),
	(214, 'https://www.procyclingstats.com/images/riders/bp/ac/arnaud-demare-2021.jpeg', 'Arnaud', 'DÉMARE', '1991-08-26', 29, 'France', 1.82, 76, 8, 9, 'rider/arnaud-demare', '2021-05-08 06:26:00', '2021-05-08 06:26:00'),
	(215, 'https://www.procyclingstats.com/images/riders/bp/bb/antoine-duchesne-2021.jpeg', 'Antoine', 'DUCHESNE', '1991-09-12', 29, 'Canada', 1.90, 75, 8, 2084, 'rider/antoine-duchesne', '2021-05-08 06:26:05', '2021-05-08 06:26:05'),
	(216, 'https://www.procyclingstats.com/images/riders/bp/df/david-gaudu-2021.jpeg', 'David', 'GAUDU', '1996-10-10', 24, 'France', 1.73, 53, 8, 19, 'rider/david-gaudu', '2021-05-08 06:26:10', '2021-05-08 06:26:10'),
	(217, 'https://www.procyclingstats.com/images/riders/bp/de/kevin-geniets-2021.jpeg', 'Kevin', 'GENIETS', '1997-01-09', 24, 'Luxembourg', 1.93, 73, 8, 180, 'rider/kevin-geniets', '2021-05-08 06:26:16', '2021-05-08 06:26:16'),
	(218, 'https://www.procyclingstats.com/images/riders/bp/bb/jacopo-guarnieri-2021.jpeg', 'Jacopo', 'GUARNIERI', '1987-08-14', 33, 'Italy', 1.90, 80, 8, 1485, 'rider/jacopo-guarnieri', '2021-05-08 06:26:21', '2021-05-08 06:26:21'),
	(219, 'https://www.procyclingstats.com/images/riders/bp/ce/simon-guglielmi-2021.jpeg', 'Simon', 'GUGLIELMI', '1997-07-01', 23, 'France', 1.80, 66, 8, 710, 'rider/simon-guglielmi', '2021-05-08 06:26:27', '2021-05-08 06:26:27'),
	(220, 'https://www.procyclingstats.com/images/riders/bp/db/ignatas-konovalovas-2021.jpeg', 'Ignatas', 'KONOVALOVAS', '1985-12-08', 35, 'Lithuania', 1.90, 74, 8, 1652, 'rider/ignatas-konovalovas', '2021-05-08 06:26:32', '2021-05-08 06:26:32'),
	(221, 'https://www.procyclingstats.com/images/riders/bp/da/stefan-kung-2021.jpeg', 'Stefan', 'KÜNG', '1993-11-16', 27, 'Switzerland', 1.93, 83, 8, 23, 'rider/stefan-kung', '2021-05-08 06:26:38', '2021-05-08 06:26:38'),
	(222, 'https://www.procyclingstats.com/images/riders/bp/af/matthieu-ladagnous-2021.jpeg', 'Matthieu', 'LADAGNOUS', '1984-12-12', 36, 'France', 1.81, 73, 8, 2128, 'rider/matthieu-ladagnous', '2021-05-08 06:26:43', '2021-05-08 06:26:43'),
	(223, 'https://www.procyclingstats.com/images/riders/bp/ab/olivier-le-gac-2021.jpeg', 'GAC Olivier', 'LE', '1993-08-27', 27, 'France', 1.80, 70, 8, 742, 'rider/olivier-le-gac', '2021-05-08 06:26:49', '2021-05-08 06:26:49'),
	(224, 'https://www.procyclingstats.com/images/riders/bp/be/fabian-lienhard-2021.jpeg', 'Fabian', 'LIENHARD', '1993-09-03', 27, 'Switzerland', 1.82, 73, 8, 439, 'rider/fabian-lienhard', '2021-05-08 06:26:54', '2021-05-08 06:26:54'),
	(225, 'https://www.procyclingstats.com/images/riders/bp/cc/tobias-ludvigsson-2021.jpeg', 'Tobias', 'LUDVIGSSON', '1991-02-22', 30, 'Sweden', 1.94, 76, 8, 804, 'rider/tobias-ludvigsson', '2021-05-08 06:26:59', '2021-05-08 06:26:59'),
	(226, 'https://www.procyclingstats.com/images/riders/bp/df/valentin-madouas-2021.jpeg', 'Valentin', 'MADOUAS', '1996-07-12', 24, 'France', 1.78, 71, 8, 128, 'rider/valentin-madouas', '2021-05-08 06:27:05', '2021-05-08 06:27:05'),
	(227, 'https://www.procyclingstats.com/images/riders/bp/df/rudy-molard-2021.jpeg', 'Rudy', 'MOLARD', '1989-09-17', 31, 'France', 1.78, 62, 8, 141, 'rider/rudy-molard', '2021-05-08 06:27:10', '2021-05-08 06:27:10'),
	(228, 'https://www.procyclingstats.com/images/riders/bp/fd/thibaut-pinot-2021.jpeg', 'Thibaut', 'PINOT', '1990-05-29', 30, 'France', 1.80, 63, 8, 76, 'rider/thibaut-pinot', '2021-05-08 06:27:15', '2021-05-08 06:27:15'),
	(229, 'https://www.procyclingstats.com/images/riders/bp/ea/sebastien-reichenbach-2021.jpeg', 'Sébastien', 'REICHENBACH', '1989-05-28', 31, 'Switzerland', 1.78, 64, 8, 235, 'rider/sebastien-reichenbach', '2021-05-08 06:27:21', '2021-05-08 06:27:21'),
	(230, 'https://www.procyclingstats.com/images/riders/bp/ef/anthony-roux-2021.jpeg', 'Anthony', 'ROUX', '1987-04-18', 34, 'France', 1.88, 73, 8, 362, 'rider/anthony-roux', '2021-05-08 06:27:26', '2021-05-08 06:27:26'),
	(231, 'https://www.procyclingstats.com/images/riders/bp/ac/miles-scotson-2021.jpeg', 'Miles', 'SCOTSON', '1994-01-18', 27, 'Australia', 1.88, 76, 8, 486, 'rider/miles-scotson', '2021-05-08 06:27:32', '2021-05-08 06:27:32'),
	(232, 'https://www.procyclingstats.com/images/riders/bp/fa/romain-seigle-2021.jpeg', 'Romain', 'SEIGLE', '1994-10-11', 26, 'France', 1.69, 63, 8, 604, 'rider/romain-seigle', '2021-05-08 06:27:37', '2021-05-08 06:27:37'),
	(233, 'https://www.procyclingstats.com/images/riders/bp/ef/ramon-sinkeldam-2021.jpeg', 'Ramon', 'SINKELDAM', '1989-02-09', 32, 'Netherlands', 1.93, 77, 8, 1369, 'rider/ramon-sinkeldam', '2021-05-08 06:27:42', '2021-05-08 06:27:42'),
	(234, 'https://www.procyclingstats.com/images/riders/bp/df/jake-stewart-2021.jpeg', 'Jake', 'STEWART', '1999-10-02', 21, 'Great Britain', 1.75, 66, 8, 82, 'rider/jake-stewart', '2021-05-08 06:27:48', '2021-05-08 06:27:48'),
	(235, 'https://www.procyclingstats.com/images/riders/bp/ef/benjamin-thomas-2021.jpeg', 'Benjamin', 'THOMAS', '1995-09-12', 25, 'France', 1.79, 68, 8, 417, 'rider/benjamin-thomas-2', '2021-05-08 06:27:53', '2021-05-08 06:27:53'),
	(236, 'https://www.procyclingstats.com/images/riders/bp/af/attila-valter-2021.jpeg', 'Attila', 'VALTER', '1998-06-12', 22, 'Hungary', 1.85, 65, 8, 161, 'rider/attila-valter', '2021-05-08 06:27:58', '2021-05-08 06:27:58'),
	(237, 'https://www.procyclingstats.com/images/riders/bp/ec/lars-van-den-berg-2021.jpeg', 'DEN BERG Lars', 'VAN', '1998-07-07', 22, 'Netherlands', 1.85, 72, 8, 1738, 'rider/lars-van', '2021-05-08 06:28:04', '2021-05-08 06:28:04'),
	(238, 'https://www.procyclingstats.com/images/riders/bp/ad/andrey-amador-2021.jpeg', 'Andrey', 'AMADOR', '1986-08-29', 34, 'Costa Rica', 1.81, 73, 9, 1144, 'rider/andrey-amador', '2021-05-08 06:28:10', '2021-05-08 06:28:10'),
	(239, 'https://www.procyclingstats.com/images/riders/bp/be/leonardo-basso-2021.jpeg', 'Leonardo', 'BASSO', '1993-12-25', 27, 'Italy', 1.77, 63, 9, 0, 'rider/leonardo-basso', '2021-05-08 06:28:15', '2021-05-08 06:28:15'),
	(240, 'https://www.procyclingstats.com/images/riders/bp/ca/egan-bernal-2021.jpeg', 'Egan', 'BERNAL', '1997-01-13', 24, 'Colombia', 1.75, 60, 9, 31, 'rider/egan-bernal', '2021-05-08 06:28:21', '2021-05-08 06:28:21'),
	(241, 'https://www.procyclingstats.com/images/riders/bp/aa/richard-carapaz-2021.jpeg', 'Richard', 'CARAPAZ', '1993-05-29', 27, 'Ecuador', 1.70, 62, 9, 14, 'rider/richard-carapaz', '2021-05-08 06:28:26', '2021-05-08 06:28:26'),
	(242, 'https://www.procyclingstats.com/images/riders/bp/ad/jonathan-castroviejo-2021.jpeg', 'Jonathan', 'CASTROVIEJO', '1987-04-27', 34, 'Spain', 1.71, 62, 9, 409, 'rider/jonathan-castroviejo', '2021-05-08 06:28:32', '2021-05-08 06:28:32'),
	(243, 'https://www.procyclingstats.com/images/riders/bp/ab/laurens-de-plus-2021-n2.jpeg', 'PLUS Laurens', 'DE', '1995-09-04', 25, 'Belgium', 1.89, 67, 9, 686, 'rider/laurens-de-plus', '2021-05-08 06:28:37', '2021-05-08 06:28:37'),
	(244, 'https://www.procyclingstats.com/images/riders/bp/cb/rohan-dennis-2021.jpeg', 'Rohan', 'DENNIS', '1990-05-28', 30, 'Australia', 1.82, 72, 9, 101, 'rider/rohan-dennis', '2021-05-08 06:28:42', '2021-05-08 06:28:42'),
	(245, 'https://www.procyclingstats.com/images/riders/bp/ba/owain-doull-2021-n2.jpeg', 'Owain', 'DOULL', '1993-05-02', 28, 'Great Britain', 1.81, 71, 9, 344, 'rider/owain-doull', '2021-05-08 06:28:48', '2021-05-08 06:28:48'),
	(246, 'https://www.procyclingstats.com/images/riders/bp/da/edward-irl-dunbar-2021.jpeg', 'Eddie', 'DUNBAR', '1996-09-01', 24, 'Ireland', 1.70, 57, 9, 229, 'rider/edward-irl-dunbar', '2021-05-08 06:28:53', '2021-05-08 06:28:53'),
	(247, 'https://www.procyclingstats.com/images/riders/bp/ee/filippo-ganna-2021.jpeg', 'Filippo', 'GANNA', '1996-07-25', 24, 'Italy', 1.93, 82, 9, 46, 'rider/filippo-ganna', '2021-05-08 06:28:58', '2021-05-08 06:28:58'),
	(248, 'https://www.procyclingstats.com/images/riders/bp/db/tao-geoghegan-hart-2021-n2.jpeg', 'HART Tao', 'GEOGHEGAN', '1995-03-30', 26, 'Great Britain', 1.83, 65, 9, 27, 'rider/tao-geoghegan-hart', '2021-05-08 06:29:04', '2021-05-08 06:29:04'),
	(249, 'https://www.procyclingstats.com/images/riders/bp/de/michal-golas-2021.jpeg', 'Michał', 'GOŁAŚ', '1984-04-29', 37, 'Poland', 1.80, 65, 9, 535, 'rider/michal-golas', '2021-05-08 06:29:10', '2021-05-08 06:29:10'),
	(250, 'https://www.procyclingstats.com/images/riders/bp/cb/ethan-hayter-2021-n2.jpeg', 'Ethan', 'HAYTER', '1998-09-18', 22, 'Great Britain', 1.78, 69, 9, 94, 'rider/ethan-hayter', '2021-05-08 06:29:15', '2021-05-08 06:29:15'),
	(251, 'https://www.procyclingstats.com/images/riders/bp/fa/sebastian-henao-2021.jpeg', 'Sebastián', 'HENAO', '1993-08-05', 27, 'Colombia', 1.71, 57, 9, 1374, 'rider/sebastian-henao', '2021-05-08 06:29:20', '2021-05-08 06:29:20'),
	(252, 'https://www.procyclingstats.com/images/riders/bp/cf/michal-kwiatkowski-2021.jpeg', 'Michał', 'KWIATKOWSKI', '1990-06-02', 30, 'Poland', 1.76, 68, 9, 48, 'rider/michal-kwiatkowski', '2021-05-08 06:29:26', '2021-05-08 06:29:26'),
	(253, 'https://www.procyclingstats.com/images/riders/bp/df/daniel-felipe-martinez-2021.jpeg', 'Daniel Felipe', 'MARTÍNEZ', '1996-04-25', 25, 'Colombia', 1.72, 63, 9, 55, 'rider/daniel-felipe-martinez', '2021-05-08 06:29:31', '2021-05-08 06:29:31'),
	(254, 'https://www.procyclingstats.com/images/riders/bp/bc/gianni-moscon-2021.jpeg', 'Gianni', 'MOSCON', '1994-04-20', 27, 'Italy', 1.82, 70, 9, 517, 'rider/gianni-moscon', '2021-05-08 06:29:36', '2021-05-08 06:29:36'),
	(255, 'https://www.procyclingstats.com/images/riders/bp/cb/jhonatan-narvaez-2021.jpeg', 'Jhonatan', 'NARVÁEZ', '1997-03-04', 24, 'Ecuador', 1.74, 65, 9, 179, 'rider/jhonatan-narvaez', '2021-05-08 06:29:42', '2021-05-08 06:29:42'),
	(256, 'https://www.procyclingstats.com/images/riders/bp/ec/thomas-pidcock-2021-n2.jpeg', 'Thomas', 'PIDCOCK', '1999-07-30', 21, 'Great Britain', 1.70, 58, 9, 35, 'rider/thomas-pidcock', '2021-05-08 06:29:47', '2021-05-08 06:29:47'),
	(257, 'https://www.procyclingstats.com/images/riders/bp/ab/richie-porte-2021-n2.jpeg', 'Richie', 'PORTE', '1985-01-30', 36, 'Australia', 1.72, 62, 9, 11, 'rider/richie-porte', '2021-05-08 06:29:52', '2021-05-08 06:29:52'),
	(258, 'https://www.procyclingstats.com/images/riders/bp/bb/salvatore-puccio-2021.jpeg', 'Salvatore', 'PUCCIO', '1989-08-31', 31, 'Italy', 1.82, 68, 9, 633, 'rider/salvatore-puccio', '2021-05-08 06:29:58', '2021-05-08 06:29:58'),
	(259, 'https://www.procyclingstats.com/images/riders/bp/cf/brandon-smith-rivera-vargas-2021.jpeg', 'Brandon Smith', 'RIVERA', '1996-03-21', 25, 'Colombia', 1.70, 0, 9, 1054, 'rider/brandon-smith-rivera-vargas', '2021-05-08 06:30:03', '2021-05-08 06:30:03'),
	(260, 'https://www.procyclingstats.com/images/riders/bp/de/carlos-rodriguez-cano-2021.jpeg', 'Carlos', 'RODRIGUEZ', '2001-02-02', 20, 'Spain', 1.83, 67, 9, 515, 'rider/carlos-rodriguez-cano', '2021-05-08 06:30:08', '2021-05-08 06:30:08'),
	(261, 'https://www.procyclingstats.com/images/riders/bp/ac/luke-rowe-2021-n2.jpeg', 'Luke', 'ROWE', '1990-03-10', 31, 'Great Britain', 1.85, 72, 9, 2130, 'rider/luke-rowe', '2021-05-08 06:30:14', '2021-05-08 06:30:14'),
	(262, 'https://www.procyclingstats.com/images/riders/bp/da/pavel-sivakov-2021.jpeg', 'Pavel', 'SIVAKOV', '1997-07-11', 23, 'Russia', 1.88, 72, 9, 154, 'rider/pavel-sivakov', '2021-05-08 06:30:19', '2021-05-08 06:30:19'),
	(263, 'https://www.procyclingstats.com/images/riders/bp/ca/ivan-ramiro-sosa-2021.jpeg', 'Iván Ramiro', 'SOSA', '1997-10-31', 23, 'Colombia', 1.68, 58, 9, 166, 'rider/ivan-ramiro-sosa', '2021-05-08 06:30:24', '2021-05-08 06:30:24'),
	(264, 'https://www.procyclingstats.com/images/riders/bp/ca/ben-swift-2021-n2.jpeg', 'Ben', 'SWIFT', '1987-11-05', 33, 'Great Britain', 1.79, 69, 9, 312, 'rider/ben-swift', '2021-05-08 06:30:30', '2021-05-08 06:30:30'),
	(265, 'https://www.procyclingstats.com/images/riders/bp/dd/geraint-thomas-2021.jpeg', 'Geraint', 'THOMAS', '1986-05-25', 34, 'Great Britain', 1.83, 71, 9, 39, 'rider/geraint-thomas', '2021-05-08 06:30:35', '2021-05-08 06:30:35'),
	(266, 'https://www.procyclingstats.com/images/riders/bp/bb/dylan-van-baarle-2021.jpeg', 'BAARLE Dylan', 'VAN', '1992-05-21', 28, 'Netherlands', 1.87, 78, 9, 60, 'rider/dylan-van-baarle', '2021-05-08 06:30:41', '2021-05-08 06:30:41'),
	(267, 'https://www.procyclingstats.com/images/riders/bp/fa/cameron-wurf-2021.jpeg', 'Cameron', 'WURF', '1983-08-03', 37, 'Australia', 1.71, 71, 9, 2096, 'rider/cameron-wurf', '2021-05-08 06:30:46', '2021-05-08 06:30:46'),
	(268, 'https://www.procyclingstats.com/images/riders/bp/df/adam-yates-2021-n2.jpeg', 'Adam', 'YATES', '1992-08-07', 28, 'Great Britain', 1.73, 58, 9, 17, 'rider/adam-yates', '2021-05-08 06:30:52', '2021-05-08 06:30:52'),
	(269, 'https://www.procyclingstats.com/images/riders/bp/fb/jan-bakelants-2021.jpeg', 'Jan', 'BAKELANTS', '1986-02-14', 35, 'Belgium', 1.77, 67, 10, 204, 'rider/jan-bakelants', '2021-05-08 06:30:58', '2021-05-08 06:30:58'),
	(270, 'https://www.procyclingstats.com/images/riders/bp/cc/jeremy-bellicaud-2021.jpeg', 'Jeremy', 'BELLICAUD', '1998-06-08', 22, 'France', 1.75, 56, 10, 1531, 'rider/jeremy-bellicaud', '2021-05-08 06:31:03', '2021-05-08 06:31:03'),
	(271, 'https://www.procyclingstats.com/images/riders/bp/ac/aime-de-gendt-2021.jpeg', 'GENDT Aimé', 'DE', '1994-06-17', 26, 'Belgium', 1.82, 75, 10, 103, 'rider/aime-de-gendt', '2021-05-08 06:31:08', '2021-05-08 06:31:08'),
	(272, 'https://www.procyclingstats.com/images/riders/bp/cb/jasper-de-plus-2021.jpeg', 'PLUS Jasper', 'DE', '1997-06-11', 23, 'Belgium', 1.85, 69, 10, 1340, 'rider/jasper-de-plus', '2021-05-08 06:31:14', '2021-05-08 06:31:14'),
	(273, 'https://www.procyclingstats.com/images/riders/bp/fc/ludwig-de-winter-2021.jpeg', 'WINTER Ludwig', 'DE', '1992-12-31', 28, 'Belgium', 1.87, 83, 10, 0, 'rider/ludwig-de-winter', '2021-05-08 06:31:19', '2021-05-08 06:31:19'),
	(274, 'https://www.procyclingstats.com/images/riders/bp/ec/theo-delacroix-2021.jpeg', 'Theo', 'DELACROIX', '1999-02-21', 22, 'France', 1.86, 70, 10, 2307, 'rider/theo-delacroix', '2021-05-08 06:31:24', '2021-05-08 06:31:24'),
	(275, 'https://www.procyclingstats.com/images/riders/bp/fd/tom-devriendt-2021.jpeg', 'Tom', 'DEVRIENDT', '1991-10-29', 29, 'Belgium', 1.76, 70, 10, 2083, 'rider/tom-devriendt', '2021-05-08 06:31:30', '2021-05-08 06:31:30'),
	(276, 'https://www.procyclingstats.com/images/riders/bp/be/odd-christian-eiking-2021.jpeg', 'Odd Christian', 'EIKING', '1994-12-28', 26, 'Norway', 1.82, 75, 10, 426, 'rider/odd-christian-eiking', '2021-05-08 06:31:35', '2021-05-08 06:31:35'),
	(277, 'https://www.procyclingstats.com/images/riders/bp/df/alexander-evans-2021.jpeg', 'Alexander', 'EVANS', '1997-01-28', 24, 'Australia', 1.84, 63, 10, 2296, 'rider/alexander-evans', '2021-05-08 06:31:41', '2021-05-08 06:31:41'),
	(278, 'https://www.procyclingstats.com/images/riders/bp/ac/quinten-hermans-2021.jpeg', 'Quinten', 'HERMANS', '1995-07-29', 25, 'Belgium', 1.74, 64, 10, 428, 'rider/quinten-hermans', '2021-05-08 06:31:46', '2021-05-08 06:31:46'),
	(279, 'https://www.procyclingstats.com/images/riders/bp/fa/jan-hirt-2021.jpeg', 'Jan', 'HIRT', '1991-01-21', 30, 'Czech Republic', 1.81, 62, 10, 996, 'rider/jan-hirt', '2021-05-08 06:31:52', '2021-05-08 06:31:52'),
	(280, 'https://www.procyclingstats.com/images/riders/bp/eb/jonas-koch-2021.jpeg', 'Jonas', 'KOCH', '1993-06-25', 27, 'Germany', 1.87, 75, 10, 927, 'rider/jonas-koch', '2021-05-08 06:31:57', '2021-05-08 06:31:57'),
	(281, 'https://www.procyclingstats.com/images/riders/bp/fd/wesley-kreder-2021.jpeg', 'Wesley', 'KREDER', '1990-11-04', 30, 'Netherlands', 1.83, 71, 10, 1140, 'rider/wesley-kreder', '2021-05-08 06:32:03', '2021-05-08 06:32:03'),
	(282, 'https://www.procyclingstats.com/images/riders/bp/ea/maurits-lammertink-2021.jpeg', 'Maurits', 'LAMMERTINK', '1990-08-31', 30, 'Netherlands', 1.69, 61, 10, 223, 'rider/maurits-lammertink', '2021-05-08 06:32:08', '2021-05-08 06:32:08'),
	(283, 'https://www.procyclingstats.com/images/riders/bp/ca/louis-meintjes-2021.jpeg', 'Louis', 'MEINTJES', '1992-02-21', 29, 'South Africa', 1.73, 58, 10, 325, 'rider/louis-meintjes', '2021-05-08 06:32:14', '2021-05-08 06:32:14'),
	(284, 'https://www.procyclingstats.com/images/riders/bp/df/riccardo-minali-2021.jpeg', 'Riccardo', 'MINALI', '1995-04-19', 26, 'Italy', 1.80, 74, 10, 580, 'rider/riccardo-minali', '2021-05-08 06:32:19', '2021-05-08 06:32:19'),
	(285, 'https://www.procyclingstats.com/images/riders/bp/ce/andrea-pasqualon-2021.jpeg', 'Andrea', 'PASQUALON', '1988-01-02', 33, 'Italy', 1.74, 68, 10, 84, 'rider/andrea-pasqualon', '2021-05-08 06:32:24', '2021-05-08 06:32:24'),
	(286, 'https://www.procyclingstats.com/images/riders/bp/fe/simone-petilli-2021.jpeg', 'Simone', 'PETILLI', '1993-05-04', 28, 'Italy', 1.78, 65, 10, 368, 'rider/simone-petilli', '2021-05-08 06:32:30', '2021-05-08 06:32:30'),
	(287, 'https://www.procyclingstats.com/images/riders/bp/dc/baptiste-planckaert-2021.jpeg', 'Baptiste', 'PLANCKAERT', '1988-09-28', 32, 'Belgium', 1.77, 65, 10, 373, 'rider/baptiste-planckaert', '2021-05-08 06:32:35', '2021-05-08 06:32:35'),
	(288, 'https://www.procyclingstats.com/images/riders/bp/ed/lorenzo-rota-2021.jpeg', 'Lorenzo', 'ROTA', '1995-05-23', 25, 'Italy', 1.73, 62, 10, 211, 'rider/lorenzo-rota', '2021-05-08 06:32:41', '2021-05-08 06:32:41'),
	(289, 'https://www.procyclingstats.com/images/riders/bp/ba/rein-taaramae-2021.jpeg', 'Rein', 'TAARAMÄE', '1987-04-24', 34, 'Estonia', 1.86, 68, 10, 1099, 'rider/rein-taaramae', '2021-05-08 06:32:46', '2021-05-08 06:32:46');
/*!40000 ALTER TABLE `riders` ENABLE KEYS */;

-- Dumping data for table ceyecle.rooms: ~0 rows (approximately)
/*!40000 ALTER TABLE `rooms` DISABLE KEYS */;
INSERT INTO `rooms` (`id`, `race_id`, `created_at`, `updated_at`) VALUES
	(1, 19, '2021-05-08 12:49:22', '2021-05-08 12:49:22');
/*!40000 ALTER TABLE `rooms` ENABLE KEYS */;

-- Dumping data for table ceyecle.stages: ~3 rows (approximately)
/*!40000 ALTER TABLE `stages` DISABLE KEYS */;
INSERT INTO `stages` (`id`, `name`, `date`, `type`, `departure`, `arrival`, `distance`, `profile_img`, `race_id`, `pcs_url`, `created_at`, `updated_at`) VALUES
	(1, 'Stage 1 | Al Dhafra Castle - Al Mirfa', '2021-02-21 12:30:00', 'flat', 'Al Dhafra Castle', 'Al Mirfa', 176, 'https://www.procyclingstats.com/images/profiles/ap/ea/uae-tour-2021-stage-1-profile-5d3b0e2067.jpg', 1, 'race/uae-tour/2021/stage-1', '2021-05-08 12:11:08', '2021-05-08 12:11:08'),
	(2, 'Stage 2 (ITT) | Al Hudayriat Island - Al Hudayriat Island', '2021-02-22 13:45:00', 'flat', 'Al Hudayriat Island', 'Al Hudayriat Island', 13, 'https://www.procyclingstats.com/images/profiles/ap/ec/uae-tour-2021-stage-2-profile-ce41e08df9.jpg', 1, 'race/uae-tour/2021/stage-2', '2021-05-08 12:11:14', '2021-05-08 12:11:14'),
	(3, 'Stage 3 | Strata Manufactoring - Jebel Hafeet', '2021-02-23 12:25:00', 'very hilly', 'Strata Manufactoring', 'Jebel Hafeet', 166, 'https://www.procyclingstats.com/images/profiles/ap/ca/uae-tour-2021-stage-3-profile-e4dd1c1ffb.jpg', 1, 'race/uae-tour/2021/stage-3', '2021-05-08 12:11:19', '2021-05-08 12:11:19'),
	(4, 'Stage 4 | Al Marjan Island - Al Marjan Island', '2021-02-24 11:45:00', 'flat', 'Al Marjan Island', 'Al Marjan Island', 204, 'https://www.procyclingstats.com/images/profiles/ap/fa/uae-tour-2021-stage-4-profile-0064724b62.jpg', 1, 'race/uae-tour/2021/stage-4', '2021-05-08 12:11:25', '2021-05-08 12:11:25'),
	(5, 'Stage 5 | Fujairah Marine Club - Jebel Jais', '2021-02-25 12:05:00', 'very mountainous', 'Fujairah Marine Club', 'Jebel Jais', 170, 'https://www.procyclingstats.com/images/profiles/ap/cb/uae-tour-2021-stage-5-profile-60d11290a1.jpg', 1, 'race/uae-tour/2021/stage-5', '2021-05-08 12:11:30', '2021-05-08 12:11:30'),
	(6, 'Stage 6 | Deira Island - Palm Jumeirah', '2021-02-26 12:40:00', 'flat', 'Deira Island', 'Palm Jumeirah', 165, 'https://www.procyclingstats.com/images/profiles/ap/bb/uae-tour-2021-stage-6-profile-2191b6259b.jpg', 1, 'race/uae-tour/2021/stage-6', '2021-05-08 12:11:36', '2021-05-08 12:11:36'),
	(7, 'Stage 7 | Yas Mall - Abu Dhabi Breakwater', '2021-02-27 13:05:00', 'flat', 'Yas Mall', 'Abu Dhabi Breakwater', 147, 'https://www.procyclingstats.com/images/profiles/ap/cd/uae-tour-2021-stage-7-profile-271f69335f.jpg', 1, 'race/uae-tour/2021/stage-7', '2021-05-08 12:11:41', '2021-05-08 12:11:41'),
	(8, 'Stage 1 | Saint-Cyr-L\'École - Saint-Cyr-L\'École', '2021-03-07 13:05:00', 'hilly', 'Saint-Cyr-L\'École', 'Saint-Cyr-L\'École', 165, 'https://www.procyclingstats.com/images/profiles/ap/cd/paris-nice-2021-stage-1-profile-f9fab87099.jpg', 4, 'race/paris-nice/2021/stage-1', '2021-05-08 12:11:47', '2021-05-08 12:11:47'),
	(9, 'Stage 2 | Oinville-sur-Montcient - Amilly', '2021-03-08 11:45:00', 'flat', 'Oinville-sur-Montcient', 'Amilly', 188, 'https://www.procyclingstats.com/images/profiles/ap/df/paris-nice-2021-stage-2-profile-0e0ee2dcda.jpg', 4, 'race/paris-nice/2021/stage-2', '2021-05-08 12:11:52', '2021-05-08 12:11:52'),
	(10, 'Stage 3 (ITT) | Gien - Gien', '2021-03-09 13:05:00', 'flat', 'Gien', 'Gien', 14, 'https://www.procyclingstats.com/images/profiles/ap/ed/paris-nice-2021-stage-3-profile-be77e1b002.jpg', 4, 'race/paris-nice/2021/stage-3', '2021-05-08 12:11:58', '2021-05-08 12:11:58'),
	(11, 'Stage 4 | Chalon-sur-Saône - Chiroubles', '2021-03-10 11:20:00', 'very hilly', 'Chalon-sur-Saône', 'Chiroubles', 187, 'https://www.procyclingstats.com/images/profiles/ap/dc/paris-nice-2021-stage-4-profile-d7dac0cc37.jpg', 4, 'race/paris-nice/2021/stage-4', '2021-05-08 12:12:04', '2021-05-08 12:12:04'),
	(12, 'Stage 5 | Vienne - Bollène', '2021-03-11 11:10:00', 'flat', 'Vienne', 'Bollène', 200, 'https://www.procyclingstats.com/images/profiles/ap/fd/paris-nice-2021-stage-5-profile-fd08266c22.jpg', 4, 'race/paris-nice/2021/stage-5', '2021-05-08 12:12:09', '2021-05-08 12:12:09'),
	(13, 'Stage 6 | Brignoles - Biot', '2021-03-12 11:05:00', 'very hilly', 'Brignoles', 'Biot', 202, 'https://www.procyclingstats.com/images/profiles/ap/ae/paris-nice-2021-stage-6-profile-3109bff88d.jpg', 4, 'race/paris-nice/2021/stage-6', '2021-05-08 12:12:15', '2021-05-08 12:12:15'),
	(14, 'Stage 7 | Le Broc - Valdeblore La Colmiane', '2021-03-13 11:45:00', 'very mountainous', 'Le Broc', 'Valdeblore La Colmiane', 119, 'https://www.procyclingstats.com/images/profiles/ap/ed/paris-nice-2021-stage-7-profile-n2-02ca76ef36.jpg', 4, 'race/paris-nice/2021/stage-7', '2021-05-08 12:12:20', '2021-05-08 12:12:20'),
	(15, 'Stage 8 | Le Plan-du-Var - Levens', '2021-03-14 14:30:00', 'hilly', 'Le Plan-du-Var', 'Levens', 92, 'https://www.procyclingstats.com/images/profiles/ap/df/paris-nice-2021-stage-8-profile-n3-a8ed3dfdc2.jpg', 4, 'race/paris-nice/2021/stage-8', '2021-05-08 12:12:26', '2021-05-08 12:12:26'),
	(16, 'Stage 1 | Lido di Camaiore - Lido di Camaiore', '2021-03-10 12:35:00', 'flat', 'Lido di Camaiore', 'Lido di Camaiore', 156, 'https://www.procyclingstats.com/images/profiles/ap/cc/tirreno-adriatico-2021-stage-1-profile-86f2ecf10b.jpg', 5, 'race/tirreno-adriatico/2021/stage-1', '2021-05-08 12:12:32', '2021-05-08 12:12:32'),
	(17, 'Stage 2 | Camaiore - Chiusdino', '2021-03-11 11:15:00', 'very hilly', 'Camaiore', 'Chiusdino', 202, 'https://www.procyclingstats.com/images/profiles/ap/fb/tirreno-adriatico-2021-stage-2-profile-4f08fe0c44.jpg', 5, 'race/tirreno-adriatico/2021/stage-2', '2021-05-08 12:12:37', '2021-05-08 12:12:37'),
	(18, 'Stage 3 | Monticiano - Gualdo Tadino', '2021-03-12 11:00:00', 'very hilly', 'Monticiano', 'Gualdo Tadino', 219, 'https://www.procyclingstats.com/images/profiles/ap/cd/tirreno-adriatico-2021-stage-3-profile-1592957981.jpg', 5, 'race/tirreno-adriatico/2021/stage-3', '2021-05-08 12:12:42', '2021-05-08 12:12:42'),
	(19, 'Stage 4 | Terni - Prati di Tivo', '2021-03-13 12:00:00', 'very mountainous', 'Terni', 'Prati di Tivo', 148, 'https://www.procyclingstats.com/images/profiles/ap/df/tirreno-adriatico-2021-stage-4-profile-3061d141af.jpg', 5, 'race/tirreno-adriatico/2021/stage-4', '2021-05-08 12:12:48', '2021-05-08 12:12:48'),
	(20, 'Stage 5 | Castellalto - Castelfidardo', '2021-03-14 11:20:00', 'very hilly', 'Castellalto', 'Castelfidardo', 205, 'https://www.procyclingstats.com/images/profiles/ap/ca/tirreno-adriatico-2021-stage-5-profile-a68538417b.jpg', 5, 'race/tirreno-adriatico/2021/stage-5', '2021-05-08 12:12:53', '2021-05-08 12:12:53'),
	(21, 'Stage 6 | Castelraimondo - Lido di Fermo', '2021-03-15 12:15:00', 'flat', 'Castelraimondo', 'Lido di Fermo', 169, 'https://www.procyclingstats.com/images/profiles/ap/fd/tirreno-adriatico-2021-stage-6-profile-88efe8995a.jpg', 5, 'race/tirreno-adriatico/2021/stage-6', '2021-05-08 12:12:59', '2021-05-08 12:12:59'),
	(22, 'Stage 7 (ITT) | San Benedetto del Tronto - San Benedetto del Tronto', '2021-03-16 13:00:00', 'flat', 'San Benedetto del Tronto', 'San Benedetto del Tronto', 10, 'https://www.procyclingstats.com/images/profiles/ap/af/tirreno-adriatico-2021-stage-7-profile-17a0ff1d52.jpg', 5, 'race/tirreno-adriatico/2021/stage-7', '2021-05-08 12:13:04', '2021-05-08 12:13:04'),
	(23, 'Stage 1 | Calella - Calella', '2021-03-22 12:35:00', 'mountainous', 'Calella', 'Calella', 178, 'https://www.procyclingstats.com/images/profiles/ap/ed/volta-a-catalunya-2021-stage-1-profile-5f9631e036.jpg', 7, 'race/volta-a-catalunya/2021/stage-1', '2021-05-08 12:13:10', '2021-05-08 12:13:10'),
	(24, 'Stage 2 (ITT) | Banyoles - Banyoles', '2021-03-23 13:30:00', 'flat', 'Banyoles', 'Banyoles', 18, 'https://www.procyclingstats.com/images/profiles/ap/bb/volta-a-catalunya-2021-stage-2-profile-n2-a0bcdc9f60.jpg', 7, 'race/volta-a-catalunya/2021/stage-2', '2021-05-08 12:13:16', '2021-05-08 12:13:16'),
	(25, 'Stage 3 | Canal Olimpic de Catalunya - Vallter 2000', '2021-03-24 11:45:00', 'very mountainous', 'Canal Olimpic de Catalunya', 'Vallter 2000', 203, 'https://www.procyclingstats.com/images/profiles/ap/eb/volta-a-catalunya-2021-stage-3-profile-a69b6622cd.jpg', 7, 'race/volta-a-catalunya/2021/stage-3', '2021-05-08 12:13:21', '2021-05-08 12:13:21'),
	(26, 'Stage 4 | Ripoll - Port Ainé', '2021-03-25 12:30:00', 'very mountainous', 'Ripoll', 'Port Ainé', 166, 'https://www.procyclingstats.com/images/profiles/ap/af/volta-a-catalunya-2021-stage-4-profile-ea7d8bae3d.jpg', 7, 'race/volta-a-catalunya/2021/stage-4', '2021-05-08 12:13:27', '2021-05-08 12:13:27'),
	(27, 'Stage 5 | La Pobla de Segur - Manresa', '2021-03-26 12:10:00', 'mountainous', 'La Pobla de Segur', 'Manresa', 201, 'https://www.procyclingstats.com/images/profiles/ap/de/volta-a-catalunya-2021-stage-5-profile-0e5d544cfa.jpg', 7, 'race/volta-a-catalunya/2021/stage-5', '2021-05-08 12:13:32', '2021-05-08 12:13:32'),
	(28, 'Stage 6 | Tarragona - Mataró', '2021-03-27 12:30:00', 'very hilly', 'Tarragona', 'Mataró', 193, 'https://www.procyclingstats.com/images/profiles/ap/ce/volta-a-catalunya-2021-stage-6-profile-48f49dd91a.jpg', 7, 'race/volta-a-catalunya/2021/stage-6', '2021-05-08 12:13:38', '2021-05-08 12:13:38'),
	(29, 'Stage 7 | Barcelona - Barcelona', '2021-03-28 10:55:00', 'hilly', 'Barcelona', 'Barcelona', 133, 'https://www.procyclingstats.com/images/profiles/ap/cd/volta-a-catalunya-2021-stage-7-profile-09371fb09f.jpg', 7, 'race/volta-a-catalunya/2021/stage-7', '2021-05-08 12:13:43', '2021-05-08 12:13:43'),
	(30, 'Stage 1 (ITT) | Bilbao - Bilbao', '2021-04-05 14:03:00', 'very hilly', 'Bilbao', 'Bilbao', 13, 'https://www.procyclingstats.com/images/profiles/ap/bb/itzulia-basque-country-2021-stage-1-profile-93b4bd5d7c.jpg', 13, 'race/itzulia-basque-country/2021/stage-1', '2021-05-08 12:13:49', '2021-05-08 12:13:49'),
	(31, 'Stage 2 | Zalla - Sestao', '2021-04-06 13:37:00', 'very hilly', 'Zalla', 'Sestao', 154, 'https://www.procyclingstats.com/images/profiles/ap/ea/itzulia-basque-country-2021-stage-2-profile-c27b2e1a74.jpg', 13, 'race/itzulia-basque-country/2021/stage-2', '2021-05-08 12:13:54', '2021-05-08 12:13:54'),
	(32, 'Stage 3 | Amurrio - Ermualde (Laudio)', '2021-04-07 13:18:00', 'very hilly', 'Amurrio', 'Ermualde (Laudio)', 167, 'https://www.procyclingstats.com/images/profiles/ap/ad/itzulia-basque-country-2021-stage-3-profile-4ee0c304e1.jpg', 13, 'race/itzulia-basque-country/2021/stage-3', '2021-05-08 12:14:00', '2021-05-08 12:14:00'),
	(33, 'Stage 4 | Vitoria-Gasteiz - Hondarribia', '2021-04-08 12:46:00', 'hilly', 'Vitoria-Gasteiz', 'Hondarribia', 189, 'https://www.procyclingstats.com/images/profiles/ap/bd/itzulia-basque-country-2021-stage-4-profile-bf8f7e7efb.jpg', 13, 'race/itzulia-basque-country/2021/stage-4', '2021-05-08 12:14:05', '2021-05-08 12:14:05'),
	(34, 'Stage 5 | Hondarribia - Ondarroa', '2021-04-09 13:29:00', 'hilly', 'Hondarribia', 'Ondarroa', 160, 'https://www.procyclingstats.com/images/profiles/ap/fc/itzulia-basque-country-2021-stage-5-profile-9a93edce9c.jpg', 13, 'race/itzulia-basque-country/2021/stage-5', '2021-05-08 12:14:11', '2021-05-08 12:14:11'),
	(35, 'Stage 6 | Ondarroa - Arrate (Eibar)', '2021-04-10 14:42:00', 'mountainous', 'Ondarroa', 'Arrate (Eibar)', 111, 'https://www.procyclingstats.com/images/profiles/ap/de/itzulia-basque-country-2021-stage-6-profile-n2-48590d75c4.jpg', 13, 'race/itzulia-basque-country/2021/stage-6', '2021-05-08 12:14:16', '2021-05-08 12:14:16'),
	(36, 'Prologue | Oron - Oron', '2021-04-27 15:00:00', 'flat', 'Oron', 'Oron', 4, 'https://www.procyclingstats.com/images/profiles/ap/ba/tour-de-romandie-2021-stage-1-profile-n2-385fe10ef6.jpg', 17, 'race/tour-de-romandie/2021/prologue', '2021-05-08 12:14:22', '2021-05-08 12:14:22'),
	(37, 'Stage 1 | Aigle - Martigny', '2021-04-28 13:15:00', 'hilly', 'Aigle', 'Martigny', 168, 'https://www.procyclingstats.com/images/profiles/ap/ce/tour-de-romandie-2021-stage-2-profile-b5d2a4f742.jpg', 17, 'race/tour-de-romandie/2021/stage-1', '2021-05-08 12:14:28', '2021-05-08 12:14:28'),
	(38, 'Stage 2 | La Neuveville - Saint-Imier', '2021-04-29 13:00:00', 'mountainous', 'La Neuveville', 'Saint-Imier', 165, 'https://www.procyclingstats.com/images/profiles/ap/be/tour-de-romandie-2021-stage-3-profile-a788c36d5e.jpg', 17, 'race/tour-de-romandie/2021/stage-2', '2021-05-08 12:14:33', '2021-05-08 12:14:33'),
	(39, 'Stage 3 | Estavayer - Estavayer', '2021-04-30 13:15:00', 'hilly', 'Estavayer', 'Estavayer', 168, 'https://www.procyclingstats.com/images/profiles/ap/da/tour-de-romandie-2021-stage-4-profile-cd90152628.jpg', 17, 'race/tour-de-romandie/2021/stage-3', '2021-05-08 12:14:39', '2021-05-08 12:14:39'),
	(40, 'Stage 4 | Sion - Thyon 2000', '2021-05-01 10:45:00', 'very mountainous', 'Sion', 'Thyon 2000', 161, 'https://www.procyclingstats.com/images/profiles/ap/ed/tour-de-romandie-2021-stage-5-profile-n5-0870beb744.jpg', 17, 'race/tour-de-romandie/2021/stage-4', '2021-05-08 12:14:44', '2021-05-08 12:14:44'),
	(41, 'Stage 5 (ITT) | Fribourg - Fribourg', '2021-05-02 12:17:00', 'very hilly', 'Fribourg', 'Fribourg', 16, 'https://www.procyclingstats.com/images/profiles/ap/ed/tour-de-romandie-2021-stage-6-profile-2f32ff3574.jpg', 17, 'race/tour-de-romandie/2021/stage-5', '2021-05-08 12:14:50', '2021-05-08 12:14:50'),
	(42, 'Stage 1 (ITT) | Turin - Turin', '2021-05-08 14:00:00', 'flat', 'Turin', 'Turin', 8, 'https://www.procyclingstats.com/images/profiles/ap/ab/giro-d-italia-2021-stage-1-profile-n2-421e134e54.jpg', 18, 'race/giro-d-italia/2021/stage-1', '2021-05-08 12:14:55', '2021-05-08 12:14:55'),
	(43, 'Stage 2 | Stupinigi - Novara', '2021-05-09 12:55:00', 'flat', 'Stupinigi', 'Novara', 179, 'https://www.procyclingstats.com/images/profiles/ap/df/giro-d-italia-2021-stage-2-profile-38ab1f2870.jpg', 18, 'race/giro-d-italia/2021/stage-2', '2021-05-08 12:15:00', '2021-05-08 12:15:00'),
	(44, 'Stage 3 | Biella - Canale', '2021-05-10 12:30:00', 'hilly', 'Biella', 'Canale', 190, 'https://www.procyclingstats.com/images/profiles/ap/ee/giro-d-italia-2021-stage-3-profile-n2-82f6de7c36.jpg', 18, 'race/giro-d-italia/2021/stage-3', '2021-05-08 12:15:06', '2021-05-08 12:15:06'),
	(45, 'Stage 4 | Piacenza - Sestola', '2021-05-11 12:30:00', 'hilly', 'Piacenza', 'Sestola', 187, 'https://www.procyclingstats.com/images/profiles/ap/cb/giro-d-italia-2021-stage-4-profile-n2-e10a90bc04.jpg', 18, 'race/giro-d-italia/2021/stage-4', '2021-05-08 12:15:11', '2021-05-08 12:15:11'),
	(46, 'Stage 5 | Modena - Cattolica', '2021-05-12 13:20:00', 'flat', 'Modena', 'Cattolica', 177, 'https://www.procyclingstats.com/images/profiles/ap/ab/giro-d-italia-2021-stage-5-profile-n2-05bec204ac.jpg', 18, 'race/giro-d-italia/2021/stage-5', '2021-05-08 12:15:17', '2021-05-08 12:15:17'),
	(47, 'Stage 6 | Grotte di Frasassi - Ascoli Piceno (San Giacomo)', '2021-05-13 12:55:00', 'very mountainous', 'Grotte di Frasassi', 'Ascoli Piceno (San Giacomo)', 160, 'https://www.procyclingstats.com/images/profiles/ap/ef/giro-d-italia-2021-stage-6-profile-n3-890c4e6e59.jpg', 18, 'race/giro-d-italia/2021/stage-6', '2021-05-08 12:15:22', '2021-05-08 12:15:22'),
	(48, 'Stage 7 | Notaresco - Termoli', '2021-05-14 13:00:00', 'very hilly', 'Notaresco', 'Termoli', 181, 'https://www.procyclingstats.com/images/profiles/ap/ea/giro-d-italia-2021-stage-7-profile-n2-f5aff0f7d7.jpg', 18, 'race/giro-d-italia/2021/stage-7', '2021-05-08 12:15:28', '2021-05-08 12:15:28'),
	(49, 'Stage 8 | Foggia - Guardia Sanframondi', '2021-05-15 12:50:00', 'very hilly', 'Foggia', 'Guardia Sanframondi', 170, 'https://www.procyclingstats.com/images/profiles/ap/da/giro-d-italia-2021-stage-8-profile-n2-74c9136950.jpg', 18, 'race/giro-d-italia/2021/stage-8', '2021-05-08 12:15:33', '2021-05-08 12:15:33'),
	(50, 'Stage 9 | Castel di Sangro - Campo Felice (Rocca di Cambio)', '2021-05-16 12:25:00', 'very hilly', 'Castel di Sangro', 'Campo Felice (Rocca di Cambio)', 158, 'https://www.procyclingstats.com/images/profiles/ap/ec/giro-d-italia-2021-stage-9-profile-n2-9e1fee9e35.jpg', 18, 'race/giro-d-italia/2021/stage-9', '2021-05-08 12:15:38', '2021-05-08 12:15:38'),
	(51, 'Stage 10 | L’Aquila - Foligno', '2021-05-17 13:55:00', 'hilly', 'L’Aquila', 'Foligno', 139, 'https://www.procyclingstats.com/images/profiles/ap/ca/giro-d-italia-2021-stage-10-profile-n2-e394e87c0c.jpg', 18, 'race/giro-d-italia/2021/stage-10', '2021-05-08 12:15:44', '2021-05-08 12:15:44'),
	(52, 'Stage 11 | Perugia - Montalcino', '2021-05-19 13:10:00', 'hilly', 'Perugia', 'Montalcino', 162, 'https://www.procyclingstats.com/images/profiles/ap/ce/giro-d-italia-2021-stage-11-profile-n2-a5e6e126e1.jpg', 18, 'race/giro-d-italia/2021/stage-11', '2021-05-08 12:15:49', '2021-05-08 12:15:49'),
	(53, 'Stage 12 | Siena - Bagno di Romagna', '2021-05-20 11:30:00', 'mountainous', 'Siena', 'Bagno di Romagna', 212, 'https://www.procyclingstats.com/images/profiles/ap/ad/giro-d-italia-2021-stage-12-profile-n2-05e42cdf0f.jpg', 18, 'race/giro-d-italia/2021/stage-12', '2021-05-08 12:15:55', '2021-05-08 12:15:55'),
	(54, 'Stage 13 | Ravenna - Verona', '2021-05-21 12:35:00', 'flat', 'Ravenna', 'Verona', 198, 'https://www.procyclingstats.com/images/profiles/ap/fa/giro-d-italia-2021-stage-13-profile-n2-e9271cd374.jpg', 18, 'race/giro-d-italia/2021/stage-13', '2021-05-08 12:16:00', '2021-05-08 12:16:00'),
	(55, 'Stage 14 | Cittadella - Monte Zoncolan', '2021-05-22 11:40:00', 'very mountainous', 'Cittadella', 'Monte Zoncolan', 205, 'https://www.procyclingstats.com/images/profiles/ap/af/giro-d-italia-2021-stage-14-profile-n2-c5710b205a.jpg', 18, 'race/giro-d-italia/2021/stage-14', '2021-05-08 12:16:05', '2021-05-08 12:16:05'),
	(56, 'Stage 15 | Grado - Gorizia', '2021-05-23 13:20:00', 'hilly', 'Grado', 'Gorizia', 147, 'https://www.procyclingstats.com/images/profiles/ap/bc/giro-d-italia-2021-stage-15-profile-n2-9a7513e097.jpg', 18, 'race/giro-d-italia/2021/stage-15', '2021-05-08 12:16:11', '2021-05-08 12:16:11'),
	(57, 'Stage 16 | Sacile - Cortina d’Ampezzo', '2021-05-24 11:00:00', 'mountainous', 'Sacile', 'Cortina d’Ampezzo', 212, 'https://www.procyclingstats.com/images/profiles/ap/be/giro-d-italia-2021-stage-16-profile-n2-b2c2eaf233.jpg', 18, 'race/giro-d-italia/2021/stage-16', '2021-05-08 12:16:18', '2021-05-08 12:16:18'),
	(58, 'Stage 17 | Canazei - Sega di Ala', '2021-05-26 12:10:00', 'very mountainous', 'Canazei', 'Sega di Ala', 193, 'https://www.procyclingstats.com/images/profiles/ap/df/giro-d-italia-2021-stage-17-profile-n2-2d7ddcd419.jpg', 18, 'race/giro-d-italia/2021/stage-17', '2021-05-08 12:16:24', '2021-05-08 12:16:24'),
	(59, 'Stage 18 | Rovereto - Stradella', '2021-05-27 11:45:00', 'hilly', 'Rovereto', 'Stradella', 231, 'https://www.procyclingstats.com/images/profiles/ap/ec/giro-d-italia-2021-stage-18-profile-n2-736926f88e.jpg', 18, 'race/giro-d-italia/2021/stage-18', '2021-05-08 12:16:29', '2021-05-08 12:16:29'),
	(60, 'Stage 19 | Abbiategrasso - Alpe di Mera (Valsesia)', '2021-05-28 12:30:00', 'very mountainous', 'Abbiategrasso', 'Alpe di Mera (Valsesia)', 176, 'https://www.procyclingstats.com/images/profiles/ap/fb/giro-d-italia-2021-stage-19-profile-n2-c63bfa212b.jpg', 18, 'race/giro-d-italia/2021/stage-19', '2021-05-08 12:16:35', '2021-05-08 12:16:35'),
	(61, 'Stage 20 | Verbania - Valle Spluga-Alpe Motta', '2021-05-29 12:30:00', 'very mountainous', 'Verbania', 'Valle Spluga-Alpe Motta', 164, 'https://www.procyclingstats.com/images/profiles/ap/da/giro-d-italia-2021-stage-20-profile-n2-8ddfdb5a09.jpg', 18, 'race/giro-d-italia/2021/stage-20', '2021-05-08 12:16:40', '2021-05-08 12:16:40'),
	(62, 'Stage 21 (ITT) | Senago - Milan', '2021-05-30 13:35:00', 'flat', 'Senago', 'Milan', 30, 'https://www.procyclingstats.com/images/profiles/ap/ee/giro-d-italia-2021-stage-21-profile-n2-092f648c8f.jpg', 18, 'race/giro-d-italia/2021/stage-21', '2021-05-08 12:16:45', '2021-05-08 12:16:45'),
	(63, 'Stage 1 | Al Dhafra Castle - Al Mirfa', '2021-02-21 12:30:00', 'flat', 'Al Dhafra Castle', 'Al Mirfa', 176, 'https://www.procyclingstats.com/images/profiles/ap/ea/uae-tour-2021-stage-1-profile-5d3b0e2067.jpg', 1, 'race/uae-tour/2021/stage-1', '2021-05-08 12:32:28', '2021-05-08 12:32:28'),
	(64, 'Stage 2 (ITT) | Al Hudayriat Island - Al Hudayriat Island', '2021-02-22 13:45:00', 'flat', 'Al Hudayriat Island', 'Al Hudayriat Island', 13, 'https://www.procyclingstats.com/images/profiles/ap/ec/uae-tour-2021-stage-2-profile-ce41e08df9.jpg', 1, 'race/uae-tour/2021/stage-2', '2021-05-08 12:32:34', '2021-05-08 12:32:34'),
	(65, 'Stage 3 | Strata Manufactoring - Jebel Hafeet', '2021-02-23 12:25:00', 'very hilly', 'Strata Manufactoring', 'Jebel Hafeet', 166, 'https://www.procyclingstats.com/images/profiles/ap/ca/uae-tour-2021-stage-3-profile-e4dd1c1ffb.jpg', 1, 'race/uae-tour/2021/stage-3', '2021-05-08 12:32:39', '2021-05-08 12:32:39'),
	(66, 'Stage 4 | Al Marjan Island - Al Marjan Island', '2021-02-24 11:45:00', 'flat', 'Al Marjan Island', 'Al Marjan Island', 204, 'https://www.procyclingstats.com/images/profiles/ap/fa/uae-tour-2021-stage-4-profile-0064724b62.jpg', 1, 'race/uae-tour/2021/stage-4', '2021-05-08 12:32:44', '2021-05-08 12:32:44'),
	(67, 'Stage 5 | Fujairah Marine Club - Jebel Jais', '2021-02-25 12:05:00', 'very mountainous', 'Fujairah Marine Club', 'Jebel Jais', 170, 'https://www.procyclingstats.com/images/profiles/ap/cb/uae-tour-2021-stage-5-profile-60d11290a1.jpg', 1, 'race/uae-tour/2021/stage-5', '2021-05-08 12:32:50', '2021-05-08 12:32:50'),
	(68, 'Stage 6 | Deira Island - Palm Jumeirah', '2021-02-26 12:40:00', 'flat', 'Deira Island', 'Palm Jumeirah', 165, 'https://www.procyclingstats.com/images/profiles/ap/bb/uae-tour-2021-stage-6-profile-2191b6259b.jpg', 1, 'race/uae-tour/2021/stage-6', '2021-05-08 12:32:56', '2021-05-08 12:32:56'),
	(69, 'Stage 7 | Yas Mall - Abu Dhabi Breakwater', '2021-02-27 13:05:00', 'flat', 'Yas Mall', 'Abu Dhabi Breakwater', 147, 'https://www.procyclingstats.com/images/profiles/ap/cd/uae-tour-2021-stage-7-profile-271f69335f.jpg', 1, 'race/uae-tour/2021/stage-7', '2021-05-08 12:33:01', '2021-05-08 12:33:01'),
	(70, 'Stage 1 | Saint-Cyr-L\'École - Saint-Cyr-L\'École', '2021-03-07 13:05:00', 'hilly', 'Saint-Cyr-L\'École', 'Saint-Cyr-L\'École', 165, 'https://www.procyclingstats.com/images/profiles/ap/cd/paris-nice-2021-stage-1-profile-f9fab87099.jpg', 4, 'race/paris-nice/2021/stage-1', '2021-05-08 12:33:07', '2021-05-08 12:33:07'),
	(71, 'Stage 2 | Oinville-sur-Montcient - Amilly', '2021-03-08 11:45:00', 'flat', 'Oinville-sur-Montcient', 'Amilly', 188, 'https://www.procyclingstats.com/images/profiles/ap/df/paris-nice-2021-stage-2-profile-0e0ee2dcda.jpg', 4, 'race/paris-nice/2021/stage-2', '2021-05-08 12:33:12', '2021-05-08 12:33:12'),
	(72, 'Stage 3 (ITT) | Gien - Gien', '2021-03-09 13:05:00', 'flat', 'Gien', 'Gien', 14, 'https://www.procyclingstats.com/images/profiles/ap/ed/paris-nice-2021-stage-3-profile-be77e1b002.jpg', 4, 'race/paris-nice/2021/stage-3', '2021-05-08 12:33:18', '2021-05-08 12:33:18'),
	(73, 'Stage 4 | Chalon-sur-Saône - Chiroubles', '2021-03-10 11:20:00', 'very hilly', 'Chalon-sur-Saône', 'Chiroubles', 187, 'https://www.procyclingstats.com/images/profiles/ap/dc/paris-nice-2021-stage-4-profile-d7dac0cc37.jpg', 4, 'race/paris-nice/2021/stage-4', '2021-05-08 12:33:23', '2021-05-08 12:33:23'),
	(74, 'Stage 5 | Vienne - Bollène', '2021-03-11 11:10:00', 'flat', 'Vienne', 'Bollène', 200, 'https://www.procyclingstats.com/images/profiles/ap/fd/paris-nice-2021-stage-5-profile-fd08266c22.jpg', 4, 'race/paris-nice/2021/stage-5', '2021-05-08 12:33:29', '2021-05-08 12:33:29'),
	(75, 'Stage 6 | Brignoles - Biot', '2021-03-12 11:05:00', 'very hilly', 'Brignoles', 'Biot', 202, 'https://www.procyclingstats.com/images/profiles/ap/ae/paris-nice-2021-stage-6-profile-3109bff88d.jpg', 4, 'race/paris-nice/2021/stage-6', '2021-05-08 12:33:34', '2021-05-08 12:33:34'),
	(76, 'Stage 7 | Le Broc - Valdeblore La Colmiane', '2021-03-13 11:45:00', 'very mountainous', 'Le Broc', 'Valdeblore La Colmiane', 119, 'https://www.procyclingstats.com/images/profiles/ap/ed/paris-nice-2021-stage-7-profile-n2-02ca76ef36.jpg', 4, 'race/paris-nice/2021/stage-7', '2021-05-08 12:33:40', '2021-05-08 12:33:40'),
	(77, 'Stage 8 | Le Plan-du-Var - Levens', '2021-03-14 14:30:00', 'hilly', 'Le Plan-du-Var', 'Levens', 92, 'https://www.procyclingstats.com/images/profiles/ap/df/paris-nice-2021-stage-8-profile-n3-a8ed3dfdc2.jpg', 4, 'race/paris-nice/2021/stage-8', '2021-05-08 12:33:45', '2021-05-08 12:33:45'),
	(78, 'Stage 1 | Lido di Camaiore - Lido di Camaiore', '2021-03-10 12:35:00', 'flat', 'Lido di Camaiore', 'Lido di Camaiore', 156, 'https://www.procyclingstats.com/images/profiles/ap/cc/tirreno-adriatico-2021-stage-1-profile-86f2ecf10b.jpg', 5, 'race/tirreno-adriatico/2021/stage-1', '2021-05-08 12:33:51', '2021-05-08 12:33:51'),
	(79, 'Stage 2 | Camaiore - Chiusdino', '2021-03-11 11:15:00', 'very hilly', 'Camaiore', 'Chiusdino', 202, 'https://www.procyclingstats.com/images/profiles/ap/fb/tirreno-adriatico-2021-stage-2-profile-4f08fe0c44.jpg', 5, 'race/tirreno-adriatico/2021/stage-2', '2021-05-08 12:33:57', '2021-05-08 12:33:57'),
	(80, 'Stage 3 | Monticiano - Gualdo Tadino', '2021-03-12 11:00:00', 'very hilly', 'Monticiano', 'Gualdo Tadino', 219, 'https://www.procyclingstats.com/images/profiles/ap/cd/tirreno-adriatico-2021-stage-3-profile-1592957981.jpg', 5, 'race/tirreno-adriatico/2021/stage-3', '2021-05-08 12:34:02', '2021-05-08 12:34:02'),
	(81, 'Stage 4 | Terni - Prati di Tivo', '2021-03-13 12:00:00', 'very mountainous', 'Terni', 'Prati di Tivo', 148, 'https://www.procyclingstats.com/images/profiles/ap/df/tirreno-adriatico-2021-stage-4-profile-3061d141af.jpg', 5, 'race/tirreno-adriatico/2021/stage-4', '2021-05-08 12:34:08', '2021-05-08 12:34:08'),
	(82, 'Stage 5 | Castellalto - Castelfidardo', '2021-03-14 11:20:00', 'very hilly', 'Castellalto', 'Castelfidardo', 205, 'https://www.procyclingstats.com/images/profiles/ap/ca/tirreno-adriatico-2021-stage-5-profile-a68538417b.jpg', 5, 'race/tirreno-adriatico/2021/stage-5', '2021-05-08 12:34:13', '2021-05-08 12:34:13'),
	(83, 'Stage 6 | Castelraimondo - Lido di Fermo', '2021-03-15 12:15:00', 'flat', 'Castelraimondo', 'Lido di Fermo', 169, 'https://www.procyclingstats.com/images/profiles/ap/fd/tirreno-adriatico-2021-stage-6-profile-88efe8995a.jpg', 5, 'race/tirreno-adriatico/2021/stage-6', '2021-05-08 12:34:20', '2021-05-08 12:34:20'),
	(84, 'Stage 7 (ITT) | San Benedetto del Tronto - San Benedetto del Tronto', '2021-03-16 13:00:00', 'flat', 'San Benedetto del Tronto', 'San Benedetto del Tronto', 10, 'https://www.procyclingstats.com/images/profiles/ap/af/tirreno-adriatico-2021-stage-7-profile-17a0ff1d52.jpg', 5, 'race/tirreno-adriatico/2021/stage-7', '2021-05-08 12:34:25', '2021-05-08 12:34:25'),
	(85, 'Stage 1 | Calella - Calella', '2021-03-22 12:35:00', 'mountainous', 'Calella', 'Calella', 178, 'https://www.procyclingstats.com/images/profiles/ap/ed/volta-a-catalunya-2021-stage-1-profile-5f9631e036.jpg', 7, 'race/volta-a-catalunya/2021/stage-1', '2021-05-08 12:34:31', '2021-05-08 12:34:31'),
	(86, 'Stage 2 (ITT) | Banyoles - Banyoles', '2021-03-23 13:30:00', 'flat', 'Banyoles', 'Banyoles', 18, 'https://www.procyclingstats.com/images/profiles/ap/bb/volta-a-catalunya-2021-stage-2-profile-n2-a0bcdc9f60.jpg', 7, 'race/volta-a-catalunya/2021/stage-2', '2021-05-08 12:34:37', '2021-05-08 12:34:37'),
	(87, 'Stage 3 | Canal Olimpic de Catalunya - Vallter 2000', '2021-03-24 11:45:00', 'very mountainous', 'Canal Olimpic de Catalunya', 'Vallter 2000', 203, 'https://www.procyclingstats.com/images/profiles/ap/eb/volta-a-catalunya-2021-stage-3-profile-a69b6622cd.jpg', 7, 'race/volta-a-catalunya/2021/stage-3', '2021-05-08 12:34:42', '2021-05-08 12:34:42'),
	(88, 'Stage 4 | Ripoll - Port Ainé', '2021-03-25 12:30:00', 'very mountainous', 'Ripoll', 'Port Ainé', 166, 'https://www.procyclingstats.com/images/profiles/ap/af/volta-a-catalunya-2021-stage-4-profile-ea7d8bae3d.jpg', 7, 'race/volta-a-catalunya/2021/stage-4', '2021-05-08 12:34:48', '2021-05-08 12:34:48'),
	(89, 'Stage 5 | La Pobla de Segur - Manresa', '2021-03-26 12:10:00', 'mountainous', 'La Pobla de Segur', 'Manresa', 201, 'https://www.procyclingstats.com/images/profiles/ap/de/volta-a-catalunya-2021-stage-5-profile-0e5d544cfa.jpg', 7, 'race/volta-a-catalunya/2021/stage-5', '2021-05-08 12:34:53', '2021-05-08 12:34:53'),
	(90, 'Stage 6 | Tarragona - Mataró', '2021-03-27 12:30:00', 'very hilly', 'Tarragona', 'Mataró', 193, 'https://www.procyclingstats.com/images/profiles/ap/ce/volta-a-catalunya-2021-stage-6-profile-48f49dd91a.jpg', 7, 'race/volta-a-catalunya/2021/stage-6', '2021-05-08 12:34:59', '2021-05-08 12:34:59'),
	(91, 'Stage 7 | Barcelona - Barcelona', '2021-03-28 10:55:00', 'hilly', 'Barcelona', 'Barcelona', 133, 'https://www.procyclingstats.com/images/profiles/ap/cd/volta-a-catalunya-2021-stage-7-profile-09371fb09f.jpg', 7, 'race/volta-a-catalunya/2021/stage-7', '2021-05-08 12:35:04', '2021-05-08 12:35:04'),
	(92, 'Stage 1 (ITT) | Bilbao - Bilbao', '2021-04-05 14:03:00', 'very hilly', 'Bilbao', 'Bilbao', 13, 'https://www.procyclingstats.com/images/profiles/ap/bb/itzulia-basque-country-2021-stage-1-profile-93b4bd5d7c.jpg', 13, 'race/itzulia-basque-country/2021/stage-1', '2021-05-08 12:35:10', '2021-05-08 12:35:10'),
	(93, 'Stage 2 | Zalla - Sestao', '2021-04-06 13:37:00', 'very hilly', 'Zalla', 'Sestao', 154, 'https://www.procyclingstats.com/images/profiles/ap/ea/itzulia-basque-country-2021-stage-2-profile-c27b2e1a74.jpg', 13, 'race/itzulia-basque-country/2021/stage-2', '2021-05-08 12:35:16', '2021-05-08 12:35:16'),
	(94, 'Stage 3 | Amurrio - Ermualde (Laudio)', '2021-04-07 13:18:00', 'very hilly', 'Amurrio', 'Ermualde (Laudio)', 167, 'https://www.procyclingstats.com/images/profiles/ap/ad/itzulia-basque-country-2021-stage-3-profile-4ee0c304e1.jpg', 13, 'race/itzulia-basque-country/2021/stage-3', '2021-05-08 12:35:21', '2021-05-08 12:35:21'),
	(95, 'Stage 4 | Vitoria-Gasteiz - Hondarribia', '2021-04-08 12:46:00', 'hilly', 'Vitoria-Gasteiz', 'Hondarribia', 189, 'https://www.procyclingstats.com/images/profiles/ap/bd/itzulia-basque-country-2021-stage-4-profile-bf8f7e7efb.jpg', 13, 'race/itzulia-basque-country/2021/stage-4', '2021-05-08 12:35:27', '2021-05-08 12:35:27'),
	(96, 'Stage 5 | Hondarribia - Ondarroa', '2021-04-09 13:29:00', 'hilly', 'Hondarribia', 'Ondarroa', 160, 'https://www.procyclingstats.com/images/profiles/ap/fc/itzulia-basque-country-2021-stage-5-profile-9a93edce9c.jpg', 13, 'race/itzulia-basque-country/2021/stage-5', '2021-05-08 12:35:33', '2021-05-08 12:35:33'),
	(97, 'Stage 6 | Ondarroa - Arrate (Eibar)', '2021-04-10 14:42:00', 'mountainous', 'Ondarroa', 'Arrate (Eibar)', 111, 'https://www.procyclingstats.com/images/profiles/ap/de/itzulia-basque-country-2021-stage-6-profile-n2-48590d75c4.jpg', 13, 'race/itzulia-basque-country/2021/stage-6', '2021-05-08 12:35:38', '2021-05-08 12:35:38'),
	(98, 'Prologue | Oron - Oron', '2021-04-27 15:00:00', 'flat', 'Oron', 'Oron', 4, 'https://www.procyclingstats.com/images/profiles/ap/ba/tour-de-romandie-2021-stage-1-profile-n2-385fe10ef6.jpg', 17, 'race/tour-de-romandie/2021/prologue', '2021-05-08 12:35:44', '2021-05-08 12:35:44'),
	(99, 'Stage 1 | Aigle - Martigny', '2021-04-28 13:15:00', 'hilly', 'Aigle', 'Martigny', 168, 'https://www.procyclingstats.com/images/profiles/ap/ce/tour-de-romandie-2021-stage-2-profile-b5d2a4f742.jpg', 17, 'race/tour-de-romandie/2021/stage-1', '2021-05-08 12:35:49', '2021-05-08 12:35:49'),
	(100, 'Stage 2 | La Neuveville - Saint-Imier', '2021-04-29 13:00:00', 'mountainous', 'La Neuveville', 'Saint-Imier', 165, 'https://www.procyclingstats.com/images/profiles/ap/be/tour-de-romandie-2021-stage-3-profile-a788c36d5e.jpg', 17, 'race/tour-de-romandie/2021/stage-2', '2021-05-08 12:35:55', '2021-05-08 12:35:55'),
	(101, 'Stage 3 | Estavayer - Estavayer', '2021-04-30 13:15:00', 'hilly', 'Estavayer', 'Estavayer', 168, 'https://www.procyclingstats.com/images/profiles/ap/da/tour-de-romandie-2021-stage-4-profile-cd90152628.jpg', 17, 'race/tour-de-romandie/2021/stage-3', '2021-05-08 12:36:00', '2021-05-08 12:36:00'),
	(102, 'Stage 4 | Sion - Thyon 2000', '2021-05-01 10:45:00', 'very mountainous', 'Sion', 'Thyon 2000', 161, 'https://www.procyclingstats.com/images/profiles/ap/ed/tour-de-romandie-2021-stage-5-profile-n5-0870beb744.jpg', 17, 'race/tour-de-romandie/2021/stage-4', '2021-05-08 12:36:06', '2021-05-08 12:36:06'),
	(103, 'Stage 5 (ITT) | Fribourg - Fribourg', '2021-05-02 12:17:00', 'very hilly', 'Fribourg', 'Fribourg', 16, 'https://www.procyclingstats.com/images/profiles/ap/ed/tour-de-romandie-2021-stage-6-profile-2f32ff3574.jpg', 17, 'race/tour-de-romandie/2021/stage-5', '2021-05-08 12:36:11', '2021-05-08 12:36:11'),
	(104, 'Stage 1 (ITT) | Turin - Turin', '2021-05-08 14:00:00', 'flat', 'Turin', 'Turin', 8, 'https://www.procyclingstats.com/images/profiles/ap/ab/giro-d-italia-2021-stage-1-profile-n2-421e134e54.jpg', 18, 'race/giro-d-italia/2021/stage-1', '2021-05-08 12:36:19', '2021-05-08 12:36:19'),
	(105, 'Stage 2 | Stupinigi - Novara', '2021-05-09 12:55:00', 'flat', 'Stupinigi', 'Novara', 179, 'https://www.procyclingstats.com/images/profiles/ap/df/giro-d-italia-2021-stage-2-profile-38ab1f2870.jpg', 18, 'race/giro-d-italia/2021/stage-2', '2021-05-08 12:36:24', '2021-05-08 12:36:24'),
	(106, 'Stage 3 | Biella - Canale', '2021-05-10 12:30:00', 'hilly', 'Biella', 'Canale', 190, 'https://www.procyclingstats.com/images/profiles/ap/ee/giro-d-italia-2021-stage-3-profile-n2-82f6de7c36.jpg', 18, 'race/giro-d-italia/2021/stage-3', '2021-05-08 12:36:29', '2021-05-08 12:36:29'),
	(107, 'Stage 4 | Piacenza - Sestola', '2021-05-11 12:30:00', 'hilly', 'Piacenza', 'Sestola', 187, 'https://www.procyclingstats.com/images/profiles/ap/cb/giro-d-italia-2021-stage-4-profile-n2-e10a90bc04.jpg', 18, 'race/giro-d-italia/2021/stage-4', '2021-05-08 12:36:35', '2021-05-08 12:36:35'),
	(108, 'Stage 5 | Modena - Cattolica', '2021-05-12 13:20:00', 'flat', 'Modena', 'Cattolica', 177, 'https://www.procyclingstats.com/images/profiles/ap/ab/giro-d-italia-2021-stage-5-profile-n2-05bec204ac.jpg', 18, 'race/giro-d-italia/2021/stage-5', '2021-05-08 12:36:40', '2021-05-08 12:36:40'),
	(109, 'Stage 6 | Grotte di Frasassi - Ascoli Piceno (San Giacomo)', '2021-05-13 12:55:00', 'very mountainous', 'Grotte di Frasassi', 'Ascoli Piceno (San Giacomo)', 160, 'https://www.procyclingstats.com/images/profiles/ap/ef/giro-d-italia-2021-stage-6-profile-n3-890c4e6e59.jpg', 18, 'race/giro-d-italia/2021/stage-6', '2021-05-08 12:36:46', '2021-05-08 12:36:46'),
	(110, 'Stage 7 | Notaresco - Termoli', '2021-05-14 13:00:00', 'very hilly', 'Notaresco', 'Termoli', 181, 'https://www.procyclingstats.com/images/profiles/ap/ea/giro-d-italia-2021-stage-7-profile-n2-f5aff0f7d7.jpg', 18, 'race/giro-d-italia/2021/stage-7', '2021-05-08 12:36:51', '2021-05-08 12:36:51'),
	(111, 'Stage 8 | Foggia - Guardia Sanframondi', '2021-05-15 12:50:00', 'very hilly', 'Foggia', 'Guardia Sanframondi', 170, 'https://www.procyclingstats.com/images/profiles/ap/da/giro-d-italia-2021-stage-8-profile-n2-74c9136950.jpg', 18, 'race/giro-d-italia/2021/stage-8', '2021-05-08 12:36:57', '2021-05-08 12:36:57'),
	(112, 'Stage 9 | Castel di Sangro - Campo Felice (Rocca di Cambio)', '2021-05-16 12:25:00', 'very hilly', 'Castel di Sangro', 'Campo Felice (Rocca di Cambio)', 158, 'https://www.procyclingstats.com/images/profiles/ap/ec/giro-d-italia-2021-stage-9-profile-n2-9e1fee9e35.jpg', 18, 'race/giro-d-italia/2021/stage-9', '2021-05-08 12:37:02', '2021-05-08 12:37:02'),
	(113, 'Stage 10 | L’Aquila - Foligno', '2021-05-17 13:55:00', 'hilly', 'L’Aquila', 'Foligno', 139, 'https://www.procyclingstats.com/images/profiles/ap/ca/giro-d-italia-2021-stage-10-profile-n2-e394e87c0c.jpg', 18, 'race/giro-d-italia/2021/stage-10', '2021-05-08 12:37:07', '2021-05-08 12:37:07'),
	(114, 'Stage 11 | Perugia - Montalcino', '2021-05-19 13:10:00', 'hilly', 'Perugia', 'Montalcino', 162, 'https://www.procyclingstats.com/images/profiles/ap/ce/giro-d-italia-2021-stage-11-profile-n2-a5e6e126e1.jpg', 18, 'race/giro-d-italia/2021/stage-11', '2021-05-08 12:37:13', '2021-05-08 12:37:13'),
	(115, 'Stage 12 | Siena - Bagno di Romagna', '2021-05-20 11:30:00', 'mountainous', 'Siena', 'Bagno di Romagna', 212, 'https://www.procyclingstats.com/images/profiles/ap/ad/giro-d-italia-2021-stage-12-profile-n2-05e42cdf0f.jpg', 18, 'race/giro-d-italia/2021/stage-12', '2021-05-08 12:37:18', '2021-05-08 12:37:18'),
	(116, 'Stage 13 | Ravenna - Verona', '2021-05-21 12:35:00', 'flat', 'Ravenna', 'Verona', 198, 'https://www.procyclingstats.com/images/profiles/ap/fa/giro-d-italia-2021-stage-13-profile-n2-e9271cd374.jpg', 18, 'race/giro-d-italia/2021/stage-13', '2021-05-08 12:37:24', '2021-05-08 12:37:24'),
	(117, 'Stage 14 | Cittadella - Monte Zoncolan', '2021-05-22 11:40:00', 'very mountainous', 'Cittadella', 'Monte Zoncolan', 205, 'https://www.procyclingstats.com/images/profiles/ap/af/giro-d-italia-2021-stage-14-profile-n2-c5710b205a.jpg', 18, 'race/giro-d-italia/2021/stage-14', '2021-05-08 12:37:29', '2021-05-08 12:37:29'),
	(118, 'Stage 15 | Grado - Gorizia', '2021-05-23 13:20:00', 'hilly', 'Grado', 'Gorizia', 147, 'https://www.procyclingstats.com/images/profiles/ap/bc/giro-d-italia-2021-stage-15-profile-n2-9a7513e097.jpg', 18, 'race/giro-d-italia/2021/stage-15', '2021-05-08 12:37:35', '2021-05-08 12:37:35'),
	(119, 'Stage 16 | Sacile - Cortina d’Ampezzo', '2021-05-24 11:00:00', 'mountainous', 'Sacile', 'Cortina d’Ampezzo', 212, 'https://www.procyclingstats.com/images/profiles/ap/be/giro-d-italia-2021-stage-16-profile-n2-b2c2eaf233.jpg', 18, 'race/giro-d-italia/2021/stage-16', '2021-05-08 12:37:40', '2021-05-08 12:37:40'),
	(120, 'Stage 17 | Canazei - Sega di Ala', '2021-05-26 12:10:00', 'very mountainous', 'Canazei', 'Sega di Ala', 193, 'https://www.procyclingstats.com/images/profiles/ap/df/giro-d-italia-2021-stage-17-profile-n2-2d7ddcd419.jpg', 18, 'race/giro-d-italia/2021/stage-17', '2021-05-08 12:37:45', '2021-05-08 12:37:45'),
	(121, 'Stage 18 | Rovereto - Stradella', '2021-05-27 11:45:00', 'hilly', 'Rovereto', 'Stradella', 231, 'https://www.procyclingstats.com/images/profiles/ap/ec/giro-d-italia-2021-stage-18-profile-n2-736926f88e.jpg', 18, 'race/giro-d-italia/2021/stage-18', '2021-05-08 12:37:51', '2021-05-08 12:37:51'),
	(122, 'Stage 19 | Abbiategrasso - Alpe di Mera (Valsesia)', '2021-05-28 12:30:00', 'very mountainous', 'Abbiategrasso', 'Alpe di Mera (Valsesia)', 176, 'https://www.procyclingstats.com/images/profiles/ap/fb/giro-d-italia-2021-stage-19-profile-n2-c63bfa212b.jpg', 18, 'race/giro-d-italia/2021/stage-19', '2021-05-08 12:37:56', '2021-05-08 12:37:56'),
	(123, 'Stage 20 | Verbania - Valle Spluga-Alpe Motta', '2021-05-29 12:30:00', 'very mountainous', 'Verbania', 'Valle Spluga-Alpe Motta', 164, 'https://www.procyclingstats.com/images/profiles/ap/da/giro-d-italia-2021-stage-20-profile-n2-8ddfdb5a09.jpg', 18, 'race/giro-d-italia/2021/stage-20', '2021-05-08 12:38:02', '2021-05-08 12:38:02'),
	(124, 'Stage 21 (ITT) | Senago - Milan', '2021-05-30 13:35:00', 'flat', 'Senago', 'Milan', 30, 'https://www.procyclingstats.com/images/profiles/ap/ee/giro-d-italia-2021-stage-21-profile-n2-092f648c8f.jpg', 18, 'race/giro-d-italia/2021/stage-21', '2021-05-08 12:38:07', '2021-05-08 12:38:07');
/*!40000 ALTER TABLE `stages` ENABLE KEYS */;

-- Dumping data for table ceyecle.teams: ~38 rows (approximately)
/*!40000 ALTER TABLE `teams` DISABLE KEYS */;
INSERT INTO `teams` (`id`, `name`, `nationality`, `pcs_url`, `created_at`, `updated_at`) VALUES
	(1, 'AG2R Citroën Team', 'fr', 'team/ag2r-citroen-team-2021', '2021-05-08 06:03:10', '2021-05-08 06:03:10'),
	(2, 'Astana - Premier Tech', 'kz', 'team/astana-premier-tech-2021', '2021-05-08 06:03:16', '2021-05-08 06:03:16'),
	(3, 'Bahrain - Victorious', 'bh', 'team/bahrain-victorious-2021', '2021-05-08 06:03:21', '2021-05-08 06:03:21'),
	(4, 'BORA - hansgrohe', 'de', 'team/bora-hansgrohe-2021', '2021-05-08 06:03:26', '2021-05-08 06:03:26'),
	(5, 'Cofidis, Solutions Crédits', 'fr', 'team/cofidis-solutions-credits-2021', '2021-05-08 06:03:32', '2021-05-08 06:03:32'),
	(6, 'Deceuninck - Quick Step', 'be', 'team/deceuninck-quick-step-2021', '2021-05-08 06:03:37', '2021-05-08 06:03:37'),
	(7, 'EF Education - Nippo', 'us', 'team/ef-education-nippo-2021', '2021-05-08 06:03:43', '2021-05-08 06:03:43'),
	(8, 'Groupama - FDJ', 'fr', 'team/groupama-fdj-2021', '2021-05-08 06:03:49', '2021-05-08 06:03:49'),
	(9, 'INEOS Grenadiers', 'gb', 'team/ineos-grenadiers-2021', '2021-05-08 06:03:54', '2021-05-08 06:03:54'),
	(10, 'Intermarché - Wanty - Gobert Matériaux', 'be', 'team/intermarche-wanty-gobert-materiaux-2021', '2021-05-08 06:03:59', '2021-05-08 06:03:59'),
	(11, 'Israel Start-Up Nation', 'il', 'team/israel-start-up-nation-2021', '2021-05-08 06:04:05', '2021-05-08 06:04:05'),
	(12, 'Lotto Soudal', 'be', 'team/lotto-soudal-2021', '2021-05-08 06:04:10', '2021-05-08 06:04:10'),
	(13, 'Movistar Team', 'es', 'team/movistar-team-2021', '2021-05-08 06:04:15', '2021-05-08 06:04:15'),
	(14, 'Team BikeExchange', 'au', 'team/teambikeexchange-2021', '2021-05-08 06:04:20', '2021-05-08 06:04:20'),
	(15, 'Team DSM', 'de', 'team/team-dsm-2021', '2021-05-08 06:04:26', '2021-05-08 06:04:26'),
	(16, 'Team Jumbo-Visma', 'nl', 'team/team-jumbo-visma-2021', '2021-05-08 06:04:31', '2021-05-08 06:04:31'),
	(17, 'Team Qhubeka ASSOS', 'za', 'team/team-qhubeka-assos-2021', '2021-05-08 06:04:36', '2021-05-08 06:04:36'),
	(18, 'Trek - Segafredo', 'us', 'team/trek-segafredo-2021', '2021-05-08 06:04:42', '2021-05-08 06:04:42'),
	(19, 'UAE-Team Emirates', 'ae', 'team/uae-team-emirates-2021', '2021-05-08 06:04:47', '2021-05-08 06:04:47'),
	(20, 'Alpecin-Fenix', 'be', 'team/alpecin-fenix-2021', '2021-05-08 06:04:53', '2021-05-08 06:04:53'),
	(21, 'Androni Giocattoli - Sidermec', 'it', 'team/androni-giocattoli-sidermec-2021', '2021-05-08 06:04:58', '2021-05-08 06:04:58'),
	(22, 'B&B Hotels p/b KTM', 'fr', 'team/b-b-hotels-pb-ktm-2021', '2021-05-08 06:05:03', '2021-05-08 06:05:03'),
	(23, 'Bardiani-CSF-Faizanè', 'it', 'team/bardiani-csf-2021', '2021-05-08 06:05:08', '2021-05-08 06:05:08'),
	(24, 'Bingoal Pauwels Sauces WB', 'be', 'team/bingoal-wallonie-bruxelles-2021', '2021-05-08 06:05:14', '2021-05-08 06:05:14'),
	(25, 'Burgos-BH', 'es', 'team/burgos-bh-2021', '2021-05-08 06:05:19', '2021-05-08 06:05:19'),
	(26, 'Caja Rural - Seguros RGA', 'es', 'team/caja-rural-seguros-rga-2021', '2021-05-08 06:05:24', '2021-05-08 06:05:24'),
	(27, 'DELKO', 'fr', 'team/delko-2021', '2021-05-08 06:05:30', '2021-05-08 06:05:30'),
	(28, 'EOLO-Kometa', 'it', 'team/eolo-kometa-2021', '2021-05-08 06:05:35', '2021-05-08 06:05:35'),
	(29, 'Equipo Kern Pharma', 'es', 'team/equipo-kern-pharma-2021', '2021-05-08 06:05:40', '2021-05-08 06:05:40'),
	(30, 'Euskaltel - Euskadi', 'es', 'team/euskaltel-euskadi-2021', '2021-05-08 06:05:46', '2021-05-08 06:05:46'),
	(31, 'Gazprom - RusVelo', 'ru', 'team/gazprom-rusvelo-2021', '2021-05-08 06:05:51', '2021-05-08 06:05:51'),
	(32, 'Rally Cycling', 'us', 'team/rally-cycling-2021', '2021-05-08 06:05:57', '2021-05-08 06:05:57'),
	(33, 'Sport Vlaanderen - Baloise', 'be', 'team/sport-vlaanderen-baloise-2021', '2021-05-08 06:06:02', '2021-05-08 06:06:02'),
	(34, 'Team Arkéa Samsic', 'fr', 'team/team-arkea-samsic-2021', '2021-05-08 06:06:07', '2021-05-08 06:06:07'),
	(35, 'Team Novo Nordisk', 'us', 'team/team-novo-nordisk-2021', '2021-05-08 06:06:12', '2021-05-08 06:06:12'),
	(36, 'Team Total Direct Energie', 'fr', 'team/team-total-direct-energie-2021', '2021-05-08 06:06:18', '2021-05-08 06:06:18'),
	(37, 'Uno-X Pro Cycling Team', 'no', 'team/uno-x-pro-cycling-team-2021', '2021-05-08 06:06:23', '2021-05-08 06:06:23'),
	(38, 'Vini Zabù', 'it', 'team/vini-zabu-2021', '2021-05-08 06:06:28', '2021-05-08 06:06:28');
/*!40000 ALTER TABLE `teams` ENABLE KEYS */;

-- Dumping data for table ceyecle.users: ~3 rows (approximately)
/*!40000 ALTER TABLE `users` DISABLE KEYS */;
INSERT INTO `users` (`id`, `username`, `email`, `email_verified_at`, `password`, `profilepic`, `age`, `intrests`, `score`, `remember_token`, `created_at`, `updated_at`) VALUES
	(1, 'Michael', 'michael@test.com', NULL, '$2y$10$dV/9w3F6EXGU/q6oOYU7Iemoz99JyThlzpIdr5iqLmFN6sgkvcIgG', NULL, NULL, NULL, 0, NULL, '2021-05-08 06:03:09', '2021-05-08 06:03:09'),
	(2, 'Hannah', 'hannah@test.com', NULL, '$2y$10$PddB1IfwqFb1Lv0bzdzJheK4y6O6PSoFtcusq559m/4Mie2QQofpa', NULL, NULL, NULL, 0, NULL, '2021-05-08 06:03:09', '2021-05-08 06:03:09'),
	(3, 'Lize', 'lize@test.com', NULL, '$2y$10$FLQrM6N1RHqVgIrmEsfVnOge9jysfgG8atvMDmrRofrnfPkhWYl7.', NULL, NULL, NULL, 0, NULL, '2021-05-08 06:03:10', '2021-05-08 06:03:10');
/*!40000 ALTER TABLE `users` ENABLE KEYS */;

-- Dumping data for table ceyecle.users_friendships: ~0 rows (approximately)
/*!40000 ALTER TABLE `users_friendships` DISABLE KEYS */;
/*!40000 ALTER TABLE `users_friendships` ENABLE KEYS */;

-- Dumping data for table ceyecle.users_rooms: ~0 rows (approximately)
/*!40000 ALTER TABLE `users_rooms` DISABLE KEYS */;
INSERT INTO `users_rooms` (`id`, `user_id`, `room_id`, `status`, `created_at`, `updated_at`) VALUES
	(1, 1, 1, 'active', NULL, NULL);
/*!40000 ALTER TABLE `users_rooms` ENABLE KEYS */;

/*!40101 SET SQL_MODE=IFNULL(@OLD_SQL_MODE, '') */;
/*!40014 SET FOREIGN_KEY_CHECKS=IF(@OLD_FOREIGN_KEY_CHECKS IS NULL, 1, @OLD_FOREIGN_KEY_CHECKS) */;
/*!40101 SET CHARACTER_SET_CLIENT=@OLD_CHARACTER_SET_CLIENT */;
